SJSJ,CLDBS,ZXYGZ,ZXYGF,ZXYGP,ZXYGG,ZXYGJ,ZXWGZ,FXYGZ,FXYGF,FXYGP,FXYGG,FXYGJ,FXWGZ
2020-01-01,11538314000.0,19591.088,5199.6777,7674.3735,6717.032,0.0,2933.1929,0.0,0.0,0.0,0.0,0.0,0.23
2020-01-02,11538314000.0,19593.215,5200.39,7675.6943,6717.132,0.0,2933.5574,0.0,0.0,0.0,0.0,0.0,0.23
2020-01-03,11538314000.0,19595.191,5201.036,7676.948,6717.2046,0.0,2933.8809,0.0,0.0,0.0,0.0,0.0,0.23
2020-01-04,11538314000.0,19597.205,5201.755,7678.0786,6717.37,0.0,2934.253,0.0,0.0,0.0,0.0,0.0,0.23
2020-01-05,11538314000.0,19599.309,5202.5957,7679.1836,6717.5303,0.0,2934.7747,0.0,0.0,0.0,0.0,0.0,0.23
2020-01-06,11538314000.0,19601.23,5203.372,7680.1743,6717.683,0.0,2935.2305,0.0,0.0,0.0,0.0,0.0,0.23
2020-01-07,11538314000.0,19602.953,5203.951,7681.163,6717.84,0.0,2935.5005,0.0,0.0,0.0,0.0,0.0,0.23
2020-01-08,11538314000.0,19604.873,5204.6064,7682.275,6717.991,0.0,2935.809,0.0,0.0,0.0,0.0,0.0,0.23
2020-01-09,11538314000.0,19607.037,5205.1714,7683.718,6718.1436,0.0,2936.2717,0.0,0.0,0.0,0.0,0.0,0.23
2020-01-10,11538314000.0,19608.234,5205.451,7684.6025,6718.1797,0.0,2936.684,0.0,0.0,0.0,0.0,0.0,0.23
2020-01-11,11538314000.0,19608.45,5205.5234,7684.74,6718.1885,0.0,2936.73,0.0,0.0,0.0,0.0,0.0,0.23
2020-01-12,11538314000.0,19608.482,5205.751,7682.788,6719.944,0.0,2934.8687,0.0,0.0,0.0,0.0,0.0,0.2175
2020-01-13,11538314000.0,19608.656,5207.3,7669.13,6732.22,0.0,2921.84,0.0,0.0,0.0,0.0,0.0,0.13
2020-01-14,11538314000.0,19608.662,5207.3,7669.13,6732.22,0.0,2921.84,0.0,0.0,0.0,0.0,0.0,0.13
2020-01-15,11538314000.0,19608.67,5207.3,7669.13,6732.2285,0.0,2921.84,0.0,0.0,0.0,0.0,0.0,0.13
2020-01-16,11538314000.0,19608.68,5207.3,7669.14,6732.23,0.0,2921.84,0.0,0.0,0.0,0.0,0.0,0.13
2020-01-17,11538314000.0,19608.686,5207.303,7669.14,6732.23,0.0,2921.84,0.0,0.0,0.0,0.0,0.0,0.13
2020-01-18,11538314000.0,19608.691,5207.31,7669.14,6732.23,0.0,2921.84,0.0,0.0,0.0,0.0,0.0,0.13
2020-01-19,11538314000.0,19608.7,5207.31,7669.1455,6732.2397,0.0,2921.84,0.0,0.0,0.0,0.0,0.0,0.13
2020-01-20,11538314000.0,19608.707,5207.31,7669.15,6732.24,0.0,2921.84,0.0,0.0,0.0,0.0,0.0,0.13
2020-01-21,11538314000.0,19608.715,5207.31,7669.15,6732.24,0.0,2921.84,0.0,0.0,0.0,0.0,0.0,0.13
2020-01-22,11538314000.0,19608.72,5207.31,7669.1523,6732.24,0.0,2921.84,0.0,0.0,0.0,0.0,0.0,0.13
2020-01-23,11538314000.0,19608.729,5207.313,7669.16,6732.249,0.0,2921.84,0.0,0.0,0.0,0.0,0.0,0.13
2020-01-24,11538314000.0,19608.734,5207.32,7669.16,6732.25,0.0,2921.84,0.0,0.0,0.0,0.0,0.0,0.13
2020-01-25,11538314000.0,19608.74,5207.32,7669.16,6732.25,0.0,2921.84,0.0,0.0,0.0,0.0,0.0,0.13
2020-01-26,11538314000.0,19608.748,5207.32,7669.1646,6732.25,0.0,2921.84,0.0,0.0,0.0,0.0,0.0,0.13
2020-01-27,11538314000.0,19608.643,5206.433,7676.9746,6725.2334,0.0,2929.29,0.0,0.0,0.0,0.0,0.0,0.18
2020-01-28,11538314000.0,19608.54,5205.55,7684.78,6718.2183,0.0,2936.7476,0.0,0.0,0.0,0.0,0.0,0.23
2020-01-29,11538314000.0,19608.545,5205.55,7684.78,6718.22,0.0,2936.75,0.0,0.0,0.0,0.0,0.0,0.23
2020-01-30,11538314000.0,19608.55,5205.55,7684.78,6718.22,0.0,2936.75,0.0,0.0,0.0,0.0,0.0,0.23
2020-01-31,11538314000.0,19608.557,5205.55,7684.784,6718.22,0.0,2936.75,0.0,0.0,0.0,0.0,0.0,0.23
2020-02-01,11538314000.0,19608.79,5207.33,7669.18,6732.27,0.0,2921.85,0.0,0.0,0.0,0.0,0.0,0.13
2020-02-02,11538314000.0,19608.795,5207.33,7669.185,6732.27,0.0,2921.85,0.0,0.0,0.0,0.0,0.0,0.13
2020-02-03,11538314000.0,19608.8,5207.33,7669.19,6732.27,0.0,2921.85,0.0,0.0,0.0,0.0,0.0,0.13
2020-02-04,11538314000.0,19608.81,5207.33,7669.19,6732.2773,0.0,2921.85,0.0,0.0,0.0,0.0,0.0,0.13
2020-02-05,11538314000.0,19608.648,5206.076,7680.246,6722.3276,0.0,2932.4043,0.0,0.0,0.0,0.0,0.0,0.20083334
2020-02-06,11538314000.0,19608.59,5205.56,7684.8,6718.23,0.0,2936.7537,0.0,0.0,0.0,0.0,0.0,0.23
2020-02-07,11538314000.0,19608.592,5205.56,7684.8,6718.23,0.0,2936.76,0.0,0.0,0.0,0.0,0.0,0.23
2020-02-08,11538314000.0,19608.6,5205.56,7684.8,6718.2383,0.0,2936.76,0.0,0.0,0.0,0.0,0.0,0.23
2020-02-09,11538314000.0,19608.604,5205.56,7684.802,6718.24,0.0,2936.76,0.0,0.0,0.0,0.0,0.0,0.23
2020-02-10,11538314000.0,19608.61,5205.56,7684.81,6718.24,0.0,2936.76,0.0,0.0,0.0,0.0,0.0,0.23
2020-02-11,11538314000.0,19608.615,5205.5635,7684.81,6718.24,0.0,2936.76,0.0,0.0,0.0,0.0,0.0,0.23
2020-02-12,11538314000.0,19608.62,5205.57,7684.81,6718.24,0.0,2936.76,0.0,0.0,0.0,0.0,0.0,0.23
2020-02-13,11538314000.0,19608.627,5205.57,7684.81,6718.247,0.0,2936.76,0.0,0.0,0.0,0.0,0.0,0.23
2020-02-14,11538314000.0,19608.63,5205.57,7684.8154,6718.25,0.0,2936.76,0.0,0.0,0.0,0.0,0.0,0.23
2020-02-15,11538314000.0,19608.639,5205.57,7684.82,6718.25,0.0,2936.76,0.0,0.0,0.0,0.0,0.0,0.23
2020-02-16,11538314000.0,19608.64,5205.57,7684.82,6718.25,0.0,2936.7664,0.0,0.0,0.0,0.0,0.0,0.23
2020-02-17,11538314000.0,19608.65,5205.57,7684.82,6718.25,0.0,2936.77,0.0,0.0,0.0,0.0,0.0,0.23
2020-02-18,11538314000.0,19608.65,5205.5713,7684.822,6718.25,0.0,2936.77,0.0,0.0,0.0,0.0,0.0,0.23
2020-02-19,11538314000.0,19608.66,5205.58,7684.83,6718.259,0.0,2936.77,0.0,0.0,0.0,0.0,0.0,0.23
2020-02-20,11538314000.0,19608.662,5205.58,7684.83,6718.26,0.0,2936.77,0.0,0.0,0.0,0.0,0.0,0.23
2020-02-21,11538314000.0,19608.67,5205.58,7684.83,6718.26,0.0,2936.77,0.0,0.0,0.0,0.0,0.0,0.23
2020-02-22,11538314000.0,19608.674,5205.58,7684.83,6718.26,0.0,2936.77,0.0,0.0,0.0,0.0,0.0,0.23
2020-02-23,11538314000.0,19609.854,5205.8076,7685.781,6718.26,0.0,2936.9546,0.0,0.0,0.0,0.0,0.0,0.23
2020-02-24,11538314000.0,19612.654,5206.5986,7687.6445,6718.4053,0.0,2937.4526,0.0,0.0,0.0,0.0,0.0,0.23
2020-02-25,11538314000.0,19618.6,5208.393,7691.6304,6718.5786,0.0,2939.036,0.0,0.0,0.0,0.0,0.0,0.23
2020-02-26,11538314000.0,19630.145,5212.572,7698.7207,6718.855,0.0,2942.303,0.0,0.0,0.0,0.0,0.0,0.23
2020-02-27,11538314000.0,19642.312,5216.838,7706.3965,6719.0747,0.0,2945.789,0.0,0.0,0.0,0.0,0.0,0.23
2020-02-28,11538314000.0,19654.643,5221.1626,7714.1533,6719.3296,0.0,2949.4126,0.0,0.0,0.0,0.0,0.0,0.23
2020-02-29,11538314000.0,19666.818,5225.4814,7721.828,6719.5166,0.0,2952.98,0.0,0.0,0.0,0.0,0.0,0.23
2020-03-01,11538314000.0,19678.93,5231.475,7713.715,6733.7314,0.0,2941.461,0.0,0.0,0.0,0.0,0.0,0.13
2020-03-02,11538314000.0,19692.527,5236.8994,7721.7246,6733.8906,0.0,2944.6687,0.0,0.0,0.0,0.0,0.0,0.13
2020-03-03,11538314000.0,19710.943,5243.858,7732.745,6734.333,0.0,2947.225,0.0,0.0,0.0,0.0,0.0,0.13
2020-03-04,11538314000.0,19729.41,5249.3813,7745.3516,6734.668,0.0,2949.7883,0.0,0.0,0.0,0.0,0.0,0.13
2020-03-05,11538314000.0,19747.992,5256.133,7756.9556,6734.9014,0.0,2952.022,0.0,0.0,0.0,0.0,0.0,0.13
2020-03-06,11538314000.0,19759.893,5258.9624,7774.317,6726.606,0.0,2964.4333,0.0,0.0,0.0,0.0,0.0,0.19086957
2020-03-07,11538314000.0,19774.672,5263.583,7789.751,6721.336,0.0,2973.2488,0.0,0.0,0.0,0.0,0.0,0.23
2020-03-08,11538314000.0,19795.295,5270.5635,7802.9478,6721.7783,0.0,2975.323,0.0,0.0,0.0,0.0,0.0,0.23
2020-03-09,11538314000.0,19810.66,5275.473,7813.0747,6722.114,0.0,2977.8914,0.0,0.0,0.0,0.0,0.0,0.23
2020-03-10,11538314000.0,19824.037,5279.46,7822.2153,6722.3667,0.0,2980.8774,0.0,0.0,0.0,0.0,0.0,0.23
2020-03-11,11538314000.0,19836.066,5283.0005,7830.5664,6722.5044,0.0,2983.616,0.0,0.0,0.0,0.0,0.0,0.23
2020-03-12,11538314000.0,19845.654,5286.2075,7836.836,6722.606,0.0,2986.364,0.0,0.0,0.0,0.0,0.0,0.23
2020-03-13,11538314000.0,19856.525,5291.6074,7828.0513,6736.862,0.0,2974.0945,0.0,0.0,0.0,0.0,0.0,0.13
2020-03-14,11538314000.0,19863.76,5294.211,7832.504,6737.031,0.0,2975.7654,0.0,0.0,0.0,0.0,0.0,0.13
2020-03-15,11538314000.0,19868.084,5295.967,7834.9478,6737.157,0.0,2976.5142,0.0,0.0,0.0,0.0,0.0,0.13
2020-03-16,11538314000.0,19877.4,5299.8555,7840.257,6737.281,0.0,2978.872,0.0,0.0,0.0,0.0,0.0,0.13
2020-03-17,11538314000.0,19885.475,5302.6753,7845.3496,6737.44,0.0,2980.86,0.0,0.0,0.0,0.0,0.0,0.13
2020-03-18,11538314000.0,19890.309,5304.2607,7848.4126,6737.63,0.0,2981.7288,0.0,0.0,0.0,0.0,0.0,0.13
2020-03-19,11538314000.0,19893.4,5305.3086,7850.3003,6737.7783,0.0,2982.1345,0.0,0.0,0.0,0.0,0.0,0.13
2020-03-20,11538314000.0,19897.629,5306.709,7852.7915,6738.118,0.0,2982.6172,0.0,0.0,0.0,0.0,0.0,0.13
2020-03-21,11538314000.0,19900.84,5306.178,7869.2227,6725.4355,0.0,2997.0034,0.0,0.0,0.0,0.0,0.0,0.22166666
2020-03-22,11538314000.0,19908.047,5308.8164,7871.28,6727.9478,0.0,2996.2678,0.0,0.0,0.0,0.0,0.0,0.205
2020-03-23,11538314000.0,19915.371,5312.8545,7863.855,6738.653,0.0,2986.6975,0.0,0.0,0.0,0.0,0.0,0.13
2020-03-24,11538314000.0,19919.172,5314.476,7865.866,6738.817,0.0,2987.4338,0.0,0.0,0.0,0.0,0.0,0.13
2020-03-25,11538314000.0,19928.121,5318.1553,7870.9595,6738.995,0.0,2990.0154,0.0,0.0,0.0,0.0,0.0,0.13
2020-03-26,11538314000.0,19941.629,5323.193,7879.2407,6739.19,0.0,2993.372,0.0,0.0,0.0,0.0,0.0,0.13
2020-03-27,11538314000.0,19961.19,5330.431,7891.1914,6739.5625,0.0,2997.0862,0.0,0.0,0.0,0.0,0.0,0.13
2020-03-28,11538314000.0,19982.207,5337.6064,7904.608,6739.983,0.0,3000.941,0.0,0.0,0.0,0.0,0.0,0.13
2020-03-29,11538314000.0,20003.242,5344.6216,7918.09,6740.5215,0.0,3004.5642,0.0,0.0,0.0,0.0,0.0,0.13
2020-03-30,11538314000.0,20023.922,5350.8047,7934.529,6738.578,0.0,3010.3142,0.0,0.0,0.0,0.0,0.0,0.14666666
2020-03-31,11538314000.0,20046.742,5357.3594,7962.0645,6727.3135,0.0,3026.3142,0.0,0.0,0.0,0.0,0.0,0.23
2020-04-01,11538314000.0,20068.574,5364.8413,7975.9136,6727.814,0.0,3029.7705,0.0,0.0,0.0,0.0,0.0,0.23
2020-04-02,11538314000.0,20092.078,5371.2695,7985.758,6735.048,0.0,3035.888,0.0,0.0,0.0,0.0,0.0,0.23
2020-04-03,11538314000.0,20100.506,5373.486,7988.593,6738.426,0.0,3037.9883,0.0,0.0,0.0,0.0,0.0,0.23
2020-04-04,11538314000.0,20115.232,5377.7876,7993.318,6744.1235,0.0,3042.4922,0.0,0.0,0.0,0.0,0.0,0.23
2020-04-05,11538314000.0,20124.94,5381.3623,7996.7456,6746.833,0.0,3045.4766,0.0,0.0,0.0,0.0,0.0,0.23
2020-04-06,11538314000.0,20126.738,5382.1924,7997.463,6747.0825,0.0,3046.0093,0.0,0.0,0.0,0.0,0.0,0.23
2020-04-07,11538314000.0,20131.314,5383.0024,7998.956,6749.356,0.0,3046.9907,0.0,0.0,0.0,0.0,0.0,0.23
2020-04-08,11538314000.0,20132.586,5383.1167,7999.5127,6749.9526,0.0,3047.4412,0.0,0.0,0.0,0.0,0.0,0.23
2020-04-09,11538314000.0,20134.586,5384.319,8000.2734,6749.993,0.0,3048.1199,0.0,0.0,0.0,0.0,0.0,0.23
2020-04-10,11538314000.0,20153.879,5389.755,8006.9595,6757.166,0.0,3053.708,0.0,0.0,0.0,0.0,0.0,0.23
2020-04-11,11538314000.0,20177.16,5395.965,8015.2017,6765.9927,0.0,3060.569,0.0,0.0,0.0,0.0,0.0,0.23
2020-04-12,11538314000.0,20199.684,5400.878,8023.6094,6775.1963,0.0,3066.275,0.0,0.0,0.0,0.0,0.0,0.23
2020-04-13,11538314000.0,20234.197,5409.2856,8037.2686,6787.647,0.0,3071.7693,0.0,0.0,0.0,0.0,0.0,0.23
2020-04-14,11538314000.0,20272.492,5420.637,8048.306,6803.5464,0.0,3072.8767,0.0,0.0,0.0,0.0,0.0,0.205
2020-04-15,11538314000.0,20292.695,5425.7407,8044.242,6822.6997,0.0,3064.9517,0.0,0.0,0.0,0.0,0.0,0.13416666
2020-04-16,11538314000.0,20312.29,5429.0913,8050.7773,6832.4116,0.0,3067.5288,0.0,0.0,0.0,0.0,0.0,0.13
2020-04-17,11538314000.0,20325.016,5432.5073,8058.2065,6834.288,0.0,3069.5508,0.0,0.0,0.0,0.0,0.0,0.13
2020-04-18,11538314000.0,20361.111,5443.7686,8072.0737,6845.257,0.0,3074.2712,0.0,0.0,0.0,0.0,0.0,0.13
2020-04-19,11538314000.0,20393.426,5453.7793,8083.766,6855.8745,0.0,3077.6355,0.0,0.0,0.0,0.0,0.0,0.13
2020-04-20,11538314000.0,20423.51,5461.5034,8093.719,6868.2817,0.0,3082.1067,0.0,0.0,0.0,0.0,0.0,0.13
2020-04-21,11538314000.0,20447.623,5466.5127,8103.113,6877.988,0.0,3086.0613,0.0,0.0,0.0,0.0,0.0,0.13
2020-04-22,11538314000.0,20479.008,5475.5527,8114.198,6889.25,0.0,3091.3142,0.0,0.0,0.0,0.0,0.0,0.13
2020-04-23,11538314000.0,20518.186,5485.975,8128.4263,6903.7803,0.0,3097.1174,0.0,0.0,0.0,0.0,0.0,0.13
2020-04-24,11538314000.0,20561.07,5497.107,8144.11,6919.8447,0.0,3101.5884,0.0,0.0,0.0,0.0,0.0,0.13
2020-04-25,11538314000.0,20595.336,5505.208,8156.162,6933.956,0.0,3106.7788,0.0,0.0,0.0,0.0,0.0,0.13
2020-04-26,11538314000.0,20628.604,5512.4067,8168.109,6948.082,0.0,3112.0342,0.0,0.0,0.0,0.0,0.0,0.13
2020-04-27,11538314000.0,20642.572,5516.8184,8173.546,6952.2017,0.0,3113.8757,0.0,0.0,0.0,0.0,0.0,0.13
2020-04-28,11538314000.0,20666.164,5522.6875,8182.314,6961.1553,0.0,3118.6992,0.0,0.0,0.0,0.0,0.0,0.13
2020-04-29,11538314000.0,20707.426,5533.898,8198.096,6975.425,0.0,3124.8738,0.0,0.0,0.0,0.0,0.0,0.13
2020-04-30,11538314000.0,20754.193,5546.5684,8216.045,6991.569,0.0,3129.7507,0.0,0.0,0.0,0.0,0.0,0.13
2020-05-01,11538314000.0,20799.727,5557.4824,8249.322,6992.9185,0.0,3150.961,0.0,0.0,0.0,0.0,0.0,0.23
2020-05-02,11538314000.0,20839.957,5568.167,8263.993,7007.7964,0.0,3155.4097,0.0,0.0,0.0,0.0,0.0,0.23
2020-05-03,11538314000.0,20857.123,5572.6978,8271.644,7012.7793,0.0,3158.3845,0.0,0.0,0.0,0.0,0.0,0.23
2020-05-04,11538314000.0,20867.162,5575.84,8276.13,7015.1943,0.0,3160.3047,0.0,0.0,0.0,0.0,0.0,0.23
2020-05-05,11538314000.0,20868.686,5576.1904,8276.974,7015.523,0.0,3160.6785,0.0,0.0,0.0,0.0,0.0,0.23
2020-05-06,11538314000.0,20871.574,5576.8936,8278.107,7016.567,0.0,3161.0896,0.0,0.0,0.0,0.0,0.0,0.23
2020-05-07,11538314000.0,20875.176,5577.7075,8279.519,7017.9526,0.0,3161.573,0.0,0.0,0.0,0.0,0.0,0.23
2020-05-08,11538314000.0,20878.893,5578.7476,8281.075,7019.064,0.0,3162.1133,0.0,0.0,0.0,0.0,0.0,0.23
2020-05-09,11538314000.0,20882.613,5579.7197,8282.584,7020.309,0.0,3162.5962,0.0,0.0,0.0,0.0,0.0,0.23
2020-05-10,11538314000.0,20887.457,5580.943,8284.784,7021.7354,0.0,3163.34,0.0,0.0,0.0,0.0,0.0,0.23
2020-05-11,11538314000.0,20894.125,5582.883,8287.703,7023.5337,0.0,3164.7664,0.0,0.0,0.0,0.0,0.0,0.23
2020-05-12,11538314000.0,20900.113,5584.8413,8290.191,7025.0806,0.0,3166.1492,0.0,0.0,0.0,0.0,0.0,0.23
2020-05-13,11538314000.0,20915.574,5588.9155,8296.576,7030.087,0.0,3170.5984,0.0,0.0,0.0,0.0,0.0,0.23
2020-05-14,11538314000.0,20937.824,5594.728,8304.554,7038.5464,0.0,3177.1587,0.0,0.0,0.0,0.0,0.0,0.23
2020-05-15,11538314000.0,20955.043,5598.0923,8310.429,7046.5156,0.0,3181.9834,0.0,0.0,0.0,0.0,0.0,0.23
2020-05-16,11538314000.0,20977.28,5603.3345,8318.737,7055.207,0.0,3188.4766,0.0,0.0,0.0,0.0,0.0,0.23
2020-05-17,11538314000.0,21003.137,5610.3755,8328.337,7064.4214,0.0,3196.2175,0.0,0.0,0.0,0.0,0.0,0.23
2020-05-18,11538314000.0,21039.172,5620.0396,8328.586,7090.5405,0.0,3190.0603,0.0,0.0,0.0,0.0,0.0,0.1425
2020-05-19,11538314000.0,21076.33,5628.516,8343.157,7104.649,0.0,3196.152,0.0,0.0,0.0,0.0,0.0,0.1425
2020-05-20,11538314000.0,21104.355,5635.419,8368.116,7100.819,0.0,3213.6055,0.0,0.0,0.0,0.0,0.0,0.23
2020-05-21,11538314000.0,21138.957,5645.597,8381.345,7112.014,0.0,3217.2192,0.0,0.0,0.0,0.0,0.0,0.23
2020-05-22,11538314000.0,21165.346,5651.7554,8390.657,7122.9277,0.0,3221.201,0.0,0.0,0.0,0.0,0.0,0.23
2020-05-23,11538314000.0,21192.004,5660.2275,8386.155,7145.6074,0.0,3211.346,0.0,0.0,0.0,0.0,0.0,0.13
2020-05-24,11538314000.0,21237.28,5672.98,8404.376,7159.9126,0.0,3217.8171,0.0,0.0,0.0,0.0,0.0,0.13
2020-05-25,11538314000.0,21283.502,5685.71,8422.002,7175.7817,0.0,3222.1008,0.0,0.0,0.0,0.0,0.0,0.13
2020-05-26,11538314000.0,21329.57,5698.334,8439.993,7191.2334,0.0,3226.5432,0.0,0.0,0.0,0.0,0.0,0.13
2020-05-27,11538314000.0,21365.398,5709.855,8453.389,7202.1426,0.0,3232.8984,0.0,0.0,0.0,0.0,0.0,0.13
2020-05-28,11538314000.0,21403.34,5719.621,8467.955,7215.752,0.0,3238.9607,0.0,0.0,0.0,0.0,0.0,0.13
2020-05-29,11538314000.0,21447.445,5731.2896,8485.255,7230.8936,0.0,3243.829,0.0,0.0,0.0,0.0,0.0,0.13
2020-05-30,11538314000.0,21491.188,5743.77,8502.228,7245.184,0.0,3249.2942,0.0,0.0,0.0,0.0,0.0,0.13
2020-05-31,11538314000.0,21537.451,5756.1377,8520.649,7260.654,0.0,3255.1833,0.0,0.0,0.0,0.0,0.0,0.13
2020-06-01,11538314000.0,21583.121,5767.8296,8538.56,7276.725,0.0,3260.4783,0.0,0.0,0.0,0.0,0.0,0.13
2020-06-02,11538314000.0,21622.857,5778.2754,8554.872,7289.7026,0.0,3265.733,0.0,0.0,0.0,0.0,0.0,0.13
2020-06-03,11538314000.0,21662.08,5789.777,8570.782,7301.514,0.0,3270.792,0.0,0.0,0.0,0.0,0.0,0.13
2020-06-04,11538314000.0,21700.102,5800.0483,8584.973,7315.072,0.0,3275.4958,0.0,0.0,0.0,0.0,0.0,0.13
2020-06-05,11538314000.0,21726.758,5807.506,8594.643,7324.598,0.0,3281.205,0.0,0.0,0.0,0.0,0.0,0.13
2020-06-06,11538314000.0,21760.518,5817.884,8609.01,7333.618,0.0,3287.3374,0.0,0.0,0.0,0.0,0.0,0.13
2020-06-07,11538314000.0,21800.633,5829.7876,8626.948,7343.883,0.0,3292.7383,0.0,0.0,0.0,0.0,0.0,0.13
2020-06-08,11538314000.0,21839.625,5840.746,8643.994,7354.8687,0.0,3297.6155,0.0,0.0,0.0,0.0,0.0,0.13
2020-06-10,11538314000.0,21921.062,5860.2124,8677.004,7383.837,0.0,3306.2246,0.0,0.0,0.0,0.0,0.0,0.13
2020-06-11,11538314000.0,21958.852,5869.9834,8692.213,7396.6494,0.0,3311.11,0.0,0.0,0.0,0.0,0.0,0.13
2020-06-12,11538314000.0,22002.324,5881.0264,8709.41,7411.8784,0.0,3315.9028,0.0,0.0,0.0,0.0,0.0,0.13
2020-06-13,11538314000.0,22041.924,5890.8716,8724.951,7426.092,0.0,3320.5745,0.0,0.0,0.0,0.0,0.0,0.13
2020-06-14,11538314000.0,22078.605,5901.8706,8739.047,7437.682,0.0,3324.3408,0.0,0.0,0.0,0.0,0.0,0.13
2020-06-15,11538314000.0,22114.861,5911.013,8752.574,7451.2705,0.0,3326.5916,0.0,0.0,0.0,0.0,0.0,0.13
2020-06-16,11538314000.0,22157.379,5922.084,8769.64,7465.65,0.0,3329.297,0.0,0.0,0.0,0.0,0.0,0.13
2020-06-17,11538314000.0,22192.646,5931.166,8784.873,7476.592,0.0,3334.2688,0.0,0.0,0.0,0.0,0.0,0.13
2020-06-18,11538314000.0,22233.979,5942.759,8801.853,7489.351,0.0,3338.237,0.0,0.0,0.0,0.0,0.0,0.13
2020-06-19,11538314000.0,22276.367,5953.8594,8818.452,7504.04,0.0,3343.6614,0.0,0.0,0.0,0.0,0.0,0.13
2020-06-20,11538314000.0,22319.582,5965.482,8835.416,7518.67,0.0,3347.644,0.0,0.0,0.0,0.0,0.0,0.13
2020-06-21,11538314000.0,22361.332,5976.948,8851.547,7532.828,0.0,3351.812,0.0,0.0,0.0,0.0,0.0,0.13
2020-06-22,11538314000.0,22403.316,5987.8076,8867.729,7547.7686,0.0,3357.5176,0.0,0.0,0.0,0.0,0.0,0.13
2020-06-23,11538314000.0,22442.006,5996.093,8883.416,7562.487,0.0,3364.0579,0.0,0.0,0.0,0.0,0.0,0.13
2020-06-24,11538314000.0,22484.68,6006.031,8911.69,7566.9565,0.0,3384.865,0.0,0.0,0.0,0.0,0.0,0.205
2020-06-25,11538314000.0,22529.406,6017.5933,8932.977,7578.839,0.0,3395.0715,0.0,0.0,0.0,0.0,0.0,0.23
2020-06-26,11538314000.0,22574.137,6029.5845,8950.527,7594.0225,0.0,3398.9763,0.0,0.0,0.0,0.0,0.0,0.23
2020-06-27,11538314000.0,22618.377,6041.755,8967.627,7608.999,0.0,3401.8962,0.0,0.0,0.0,0.0,0.0,0.23
2020-06-28,11538314000.0,22662.908,6053.3965,8985.088,7624.4272,0.0,3405.6072,0.0,0.0,0.0,0.0,0.0,0.23
2020-06-29,11538314000.0,22706.033,6064.498,9002.23,7639.304,0.0,3411.2837,0.0,0.0,0.0,0.0,0.0,0.23
2020-06-30,11538314000.0,22748.635,6075.18,9018.971,7654.484,0.0,3416.461,0.0,0.0,0.0,0.0,0.0,0.23
2020-07-01,11538314000.0,22793.664,6089.094,9021.279,7683.2827,0.0,3403.8418,0.0,0.0,0.0,0.0,0.0,0.13
2020-07-02,11538314000.0,22837.932,6100.806,9038.862,7698.251,0.0,3410.6157,0.0,0.0,0.0,0.0,0.0,0.13
2020-07-04,11538314000.0,22927.066,6125.517,9073.936,7727.5986,0.0,3423.8037,0.0,0.0,0.0,0.0,0.0,0.13
2020-07-05,11538314000.0,22972.494,6137.6436,9091.734,7743.105,0.0,3429.7188,0.0,0.0,0.0,0.0,0.0,0.13
2020-07-06,11538314000.0,23016.105,6148.221,9109.624,7758.2505,0.0,3436.4924,0.0,0.0,0.0,0.0,0.0,0.13
2020-07-08,11538314000.0,23107.258,6173.0527,9145.105,7789.087,0.0,3448.8945,0.0,0.0,0.0,0.0,0.0,0.13
2020-07-10,11538314000.0,23196.525,6196.2085,9183.936,7816.3735,0.0,3465.0554,0.0,0.0,0.0,0.0,0.0,0.15083332
2020-07-11,11538314000.0,23239.781,6206.1963,9213.112,7820.475,0.0,3486.1084,0.0,0.0,0.0,0.0,0.0,0.23
2020-07-13,11538314000.0,23328.557,6229.7236,9248.153,7850.6836,0.0,3495.586,0.0,0.0,0.0,0.0,0.0,0.23
2020-07-14,11538314000.0,23373.146,6241.865,9265.922,7865.357,0.0,3501.3633,0.0,0.0,0.0,0.0,0.0,0.23
2020-07-15,11538314000.0,23416.256,6254.207,9282.963,7879.0874,0.0,3506.9746,0.0,0.0,0.0,0.0,0.0,0.23
2020-07-16,11538314000.0,23459.348,6265.898,9299.421,7894.032,0.0,3513.296,0.0,0.0,0.0,0.0,0.0,0.23
2020-07-17,11538314000.0,23502.129,6276.999,9316.055,7909.076,0.0,3520.451,0.0,0.0,0.0,0.0,0.0,0.23
2020-07-18,11538314000.0,23544.035,6287.7695,9332.515,7923.7476,0.0,3527.043,0.0,0.0,0.0,0.0,0.0,0.23
2020-07-19,11538314000.0,23586.799,6299.0024,9349.051,7938.747,0.0,3532.849,0.0,0.0,0.0,0.0,0.0,0.23
2020-07-20,11538314000.0,23630.135,6309.088,9367.197,7953.85,0.0,3538.9653,0.0,0.0,0.0,0.0,0.0,0.23
2020-07-22,11538314000.0,23712.0,6329.4067,9398.741,7983.849,0.0,3552.0945,0.0,0.0,0.0,0.0,0.0,0.23
2020-07-23,11538314000.0,23756.0,6342.0327,9416.442,7997.534,0.0,3559.3208,0.0,0.0,0.0,0.0,0.0,0.23
2020-07-24,11538314000.0,23799.305,6354.0195,9433.408,8011.877,0.0,3566.2634,0.0,0.0,0.0,0.0,0.0,0.23
2020-07-25,11538314000.0,23844.154,6365.9194,9450.964,8027.276,0.0,3573.2258,0.0,0.0,0.0,0.0,0.0,0.23
2020-07-26,11538314000.0,23888.443,6377.617,9468.313,8042.5127,0.0,3579.2188,0.0,0.0,0.0,0.0,0.0,0.23
2020-07-27,11538314000.0,23929.059,6389.6694,9484.645,8054.7456,0.0,3584.737,0.0,0.0,0.0,0.0,0.0,0.23
2020-07-28,11538314000.0,23971.666,6401.683,9501.467,8068.5156,0.0,3590.263,0.0,0.0,0.0,0.0,0.0,0.23
2020-07-29,11538314000.0,24015.965,6413.1055,9519.103,8083.7603,0.0,3597.062,0.0,0.0,0.0,0.0,0.0,0.23
2020-07-30,11538314000.0,24057.469,6423.8447,9535.359,8098.2637,0.0,3602.9404,0.0,0.0,0.0,0.0,0.0,0.23
2020-07-31,11538314000.0,24101.2,6435.994,9552.053,8113.1567,0.0,3608.5405,0.0,0.0,0.0,0.0,0.0,0.23
2020-08-01,11538314000.0,24145.352,6448.147,9569.354,8127.8525,0.0,3615.6304,0.0,0.0,0.0,0.0,0.0,0.23
2020-08-02,11538314000.0,24190.287,6460.152,9586.851,8143.287,0.0,3622.9226,0.0,0.0,0.0,0.0,0.0,0.23
2020-08-03,11538314000.0,24230.021,6472.1187,9602.924,8154.9814,0.0,3630.0146,0.0,0.0,0.0,0.0,0.0,0.23
2020-08-04,11538314000.0,24274.742,6484.852,9618.4,8171.4917,0.0,3633.184,0.0,0.0,0.0,0.0,0.0,0.2175
2020-08-05,11538314000.0,24321.582,6499.4473,9623.293,8198.833,0.0,3621.9917,0.0,0.0,0.0,0.0,0.0,0.13
2020-08-06,11538314000.0,24366.42,6511.982,9640.448,8213.978,0.0,3629.1895,0.0,0.0,0.0,0.0,0.0,0.13
2020-08-07,11538314000.0,24410.64,6524.005,9657.536,8229.089,0.0,3635.6362,0.0,0.0,0.0,0.0,0.0,0.13
2020-08-08,11538314000.0,24453.16,6535.0063,9674.616,8243.532,0.0,3641.2463,0.0,0.0,0.0,0.0,0.0,0.13
2020-08-09,11538314000.0,24494.49,6545.7705,9690.958,8257.75,0.0,3646.7217,0.0,0.0,0.0,0.0,0.0,0.13
2020-08-10,11538314000.0,24536.7,6556.77,9706.962,8272.957,0.0,3651.795,0.0,0.0,0.0,0.0,0.0,0.13
2020-08-11,11538314000.0,24575.637,6567.718,9722.915,8284.995,0.0,3657.03,0.0,0.0,0.0,0.0,0.0,0.13
2020-08-12,11538314000.0,24604.924,6575.3296,9735.213,8294.374,0.0,3664.3484,0.0,0.0,0.0,0.0,0.0,0.13
2020-08-13,11538314000.0,24632.45,6582.8076,9745.947,8303.685,0.0,3672.4746,0.0,0.0,0.0,0.0,0.0,0.13
2020-08-14,11538314000.0,24659.656,6590.0747,9756.873,8312.697,0.0,3680.6787,0.0,0.0,0.0,0.0,0.0,0.13
2020-08-15,11538314000.0,24695.262,6598.378,9770.499,8326.376,0.0,3686.4463,0.0,0.0,0.0,0.0,0.0,0.13
2020-08-17,11538314000.0,24769.252,6619.3936,9798.626,8351.227,0.0,3698.5337,0.0,0.0,0.0,0.0,0.0,0.13
2020-08-18,11538314000.0,24802.816,6629.8755,9810.518,8362.414,0.0,3703.3367,0.0,0.0,0.0,0.0,0.0,0.13
2020-08-20,11538314000.0,24848.818,6643.591,9827.424,8377.793,0.0,3710.333,0.0,0.0,0.0,0.0,0.0,0.13
2020-08-21,11538314000.0,24880.195,6651.125,9842.239,8386.822,0.0,3714.3184,0.0,0.0,0.0,0.0,0.0,0.13
2020-08-22,11538314000.0,24920.793,6662.8076,9858.477,8399.502,0.0,3719.7034,0.0,0.0,0.0,0.0,0.0,0.13
2020-08-23,11538314000.0,24962.68,6674.665,9873.729,8414.275,0.0,3725.1033,0.0,0.0,0.0,0.0,0.0,0.13
2020-08-24,11538314000.0,25006.158,6685.782,9891.186,8429.18,0.0,3730.495,0.0,0.0,0.0,0.0,0.0,0.13
2020-08-25,11538314000.0,25051.143,6697.129,9909.142,8444.858,0.0,3736.3691,0.0,0.0,0.0,0.0,0.0,0.13
2020-08-26,11538314000.0,25093.81,6708.385,9926.285,8459.131,0.0,3741.562,0.0,0.0,0.0,0.0,0.0,0.13
2020-08-27,11538314000.0,25127.352,6718.1777,9939.82,8469.346,0.0,3748.167,0.0,0.0,0.0,0.0,0.0,0.13
2020-08-28,11538314000.0,25165.4,6729.3037,9953.627,8482.458,0.0,3753.8445,0.0,0.0,0.0,0.0,0.0,0.13
2020-08-29,11538314000.0,25204.38,6739.1636,9968.544,8496.668,0.0,3761.1233,0.0,0.0,0.0,0.0,0.0,0.13
2020-08-30,11538314000.0,25245.643,6748.789,9984.799,8512.047,0.0,3766.435,0.0,0.0,0.0,0.0,0.0,0.13
2020-08-31,11538314000.0,25288.406,6760.7515,10000.317,8527.328,0.0,3771.2595,0.0,0.0,0.0,0.0,0.0,0.13
2020-09-01,11538314000.0,25327.42,6771.2544,10019.892,8536.268,0.0,3781.4712,0.0,0.0,0.0,0.0,0.0,0.15916666
2020-09-02,11538314000.0,25365.86,6780.569,10038.899,8546.392,0.0,3791.056,0.0,0.0,0.0,0.0,0.0,0.17583333
2020-09-03,11538314000.0,25406.443,6790.656,10063.824,8551.961,0.0,3809.0378,0.0,0.0,0.0,0.0,0.0,0.23
2020-09-04,11538314000.0,25448.621,6801.6157,10081.31,8565.695,0.0,3814.329,0.0,0.0,0.0,0.0,0.0,0.23
2020-09-05,11538314000.0,25492.354,6813.379,10098.449,8580.525,0.0,3820.5305,0.0,0.0,0.0,0.0,0.0,0.23
2020-09-06,11538314000.0,25538.61,6827.5317,10104.371,8606.697,0.0,3809.2605,0.0,0.0,0.0,0.0,0.0,0.14666666
2020-09-07,11538314000.0,25582.748,6840.1426,10119.639,8622.956,0.0,3811.5166,0.0,0.0,0.0,0.0,0.0,0.13
2020-09-08,11538314000.0,25622.607,6851.1465,10134.305,8637.145,0.0,3817.9043,0.0,0.0,0.0,0.0,0.0,0.13
2020-09-09,11538314000.0,25658.613,6859.982,10147.292,8651.329,0.0,3824.4026,0.0,0.0,0.0,0.0,0.0,0.13
2020-09-10,11538314000.0,25700.656,6871.499,10165.24,8663.908,0.0,3832.422,0.0,0.0,0.0,0.0,0.0,0.1425
2020-09-11,11538314000.0,25736.705,6879.7114,10193.905,8663.089,0.0,3855.6638,0.0,0.0,0.0,0.0,0.0,0.23
2020-09-12,11538314000.0,25780.012,6891.96,10209.556,8678.497,0.0,3858.6885,0.0,0.0,0.0,0.0,0.0,0.22166666
2020-09-13,11538314000.0,25823.545,6903.376,10227.927,8692.242,0.0,3865.7717,0.0,0.0,0.0,0.0,0.0,0.23
2020-09-14,11538314000.0,25865.957,6914.92,10243.726,8707.309,0.0,3872.7542,0.0,0.0,0.0,0.0,0.0,0.23
2020-09-15,11538314000.0,25910.172,6927.017,10260.679,8722.476,0.0,3879.5713,0.0,0.0,0.0,0.0,0.0,0.23
2020-09-16,11538314000.0,25953.027,6938.3276,10277.314,8737.383,0.0,3886.6667,0.0,0.0,0.0,0.0,0.0,0.23
2020-09-17,11538314000.0,25996.02,6949.33,10294.371,8752.318,0.0,3892.7983,0.0,0.0,0.0,0.0,0.0,0.23
2020-09-18,11538314000.0,26040.467,6961.283,10312.024,8767.166,0.0,3898.1167,0.0,0.0,0.0,0.0,0.0,0.23
2020-09-19,11538314000.0,26084.879,6973.402,10329.101,8782.38,0.0,3903.2625,0.0,0.0,0.0,0.0,0.0,0.23
2020-09-20,11538314000.0,26129.648,6985.149,10346.559,8797.94,0.0,3908.174,0.0,0.0,0.0,0.0,0.0,0.23
2020-09-21,11538314000.0,26175.115,6997.048,10364.385,8813.6875,0.0,3913.905,0.0,0.0,0.0,0.0,0.0,0.23
2020-09-22,11538314000.0,26220.246,7009.271,10381.95,8829.023,0.0,3920.0518,0.0,0.0,0.0,0.0,0.0,0.23
2020-09-23,11538314000.0,26265.73,7021.352,10399.811,8844.566,0.0,3926.2322,0.0,0.0,0.0,0.0,0.0,0.23
2020-09-24,11538314000.0,26310.02,7033.2065,10416.9,8859.916,0.0,3933.349,0.0,0.0,0.0,0.0,0.0,0.23
2020-09-25,11538314000.0,26353.395,7044.5205,10433.897,8874.976,0.0,3941.4917,0.0,0.0,0.0,0.0,0.0,0.23
2020-09-26,11538314000.0,26396.814,7056.913,10444.626,8895.271,0.0,3940.1833,0.0,0.0,0.0,0.0,0.0,0.18833333
2020-09-27,11538314000.0,26442.87,7070.76,10453.775,8918.33,0.0,3933.237,0.0,0.0,0.0,0.0,0.0,0.13
2020-09-28,11538314000.0,26488.314,7082.906,10471.5205,8933.881,0.0,3937.86,0.0,0.0,0.0,0.0,0.0,0.13
2020-09-29,11538314000.0,26533.244,7094.9614,10488.843,8949.431,0.0,3943.5625,0.0,0.0,0.0,0.0,0.0,0.13
2020-09-30,11538314000.0,26577.15,7106.659,10505.932,8964.55,0.0,3949.6128,0.0,0.0,0.0,0.0,0.0,0.13
2020-10-01,11538314000.0,26606.54,7113.18,10530.924,8962.432,0.0,3976.0999,0.0,0.0,0.0,0.0,0.0,0.23
2020-10-02,11538314000.0,26610.281,7114.839,10522.847,8972.588,0.0,3964.2976,0.0,0.0,0.0,0.0,0.0,0.17166667
2020-10-03,11538314000.0,26620.09,7117.924,10528.254,8973.908,0.0,3964.3025,0.0,0.0,0.0,0.0,0.0,0.16333333
2020-10-04,11538314000.0,26659.938,7128.4663,10555.341,8976.124,0.0,3985.6812,0.0,0.0,0.0,0.0,0.0,0.23
2020-10-05,11538314000.0,26704.09,7140.6724,10572.783,8990.631,0.0,3992.5518,0.0,0.0,0.0,0.0,0.0,0.23
2020-10-06,11538314000.0,26747.88,7152.496,10589.802,9005.579,0.0,3999.7778,0.0,0.0,0.0,0.0,0.0,0.23
2020-10-07,11538314000.0,26795.283,7166.7417,10596.129,9032.406,0.0,3990.4243,0.0,0.0,0.0,0.0,0.0,0.15083332
2020-10-08,11538314000.0,26841.654,7179.5156,10611.311,9050.821,0.0,3992.9187,0.0,0.0,0.0,0.0,0.0,0.13
2020-10-09,11538314000.0,26887.049,7191.9443,10628.969,9066.129,0.0,4000.1782,0.0,0.0,0.0,0.0,0.0,0.13
2020-10-10,11538314000.0,26931.979,7204.344,10646.313,9081.313,0.0,4006.9429,0.0,0.0,0.0,0.0,0.0,0.13
2020-10-11,11538314000.0,26972.693,7216.647,10662.598,9093.4375,0.0,4012.6782,0.0,0.0,0.0,0.0,0.0,0.13
2020-10-12,11538314000.0,27010.725,7225.689,10692.105,9092.928,0.0,4038.4014,0.0,0.0,0.0,0.0,0.0,0.23
2020-10-13,11538314000.0,27054.867,7237.663,10709.323,9107.882,0.0,4042.2842,0.0,0.0,0.0,0.0,0.0,0.23
2020-10-14,11538314000.0,27100.027,7250.0347,10726.753,9123.239,0.0,4046.2405,0.0,0.0,0.0,0.0,0.0,0.23
2020-10-15,11538314000.0,27143.455,7261.737,10742.847,9138.877,0.0,4049.9282,0.0,0.0,0.0,0.0,0.0,0.23
2020-10-16,11538314000.0,27184.455,7271.613,10759.009,9153.835,0.0,4053.5671,0.0,0.0,0.0,0.0,0.0,0.23
2020-10-17,11538314000.0,27226.225,7281.908,10775.844,9168.471,0.0,4057.306,0.0,0.0,0.0,0.0,0.0,0.23
2020-10-18,11538314000.0,27264.0,7291.826,10792.014,9180.165,0.0,4061.2554,0.0,0.0,0.0,0.0,0.0,0.23
2020-10-19,11538314000.0,27303.941,7302.0,10809.096,9192.844,0.0,4065.575,0.0,0.0,0.0,0.0,0.0,0.23
2020-10-20,11538314000.0,27347.887,7314.043,10826.714,9207.126,0.0,4069.5613,0.0,0.0,0.0,0.0,0.0,0.23
2020-10-21,11538314000.0,27394.42,7327.0,10838.869,9228.545,0.0,4064.6597,0.0,0.0,0.0,0.0,0.0,0.18833333
2020-10-22,11538314000.0,27439.98,7339.706,10848.176,9252.089,0.0,4055.892,0.0,0.0,0.0,0.0,0.0,0.13
2020-10-23,11538314000.0,27484.178,7351.5513,10865.687,9266.933,0.0,4060.151,0.0,0.0,0.0,0.0,0.0,0.13
2020-10-24,11538314000.0,27528.064,7363.328,10882.999,9281.731,0.0,4064.3696,0.0,0.0,0.0,0.0,0.0,0.13
2020-10-25,11538314000.0,27571.674,7374.3613,10900.389,9296.911,0.0,4068.6038,0.0,0.0,0.0,0.0,0.0,0.13
2020-10-26,11538314000.0,27616.836,7385.823,10918.174,9312.82,0.0,4073.1184,0.0,0.0,0.0,0.0,0.0,0.13
2020-10-27,11538314000.0,27663.383,7398.15,10936.607,9328.616,0.0,4078.6343,0.0,0.0,0.0,0.0,0.0,0.13
2020-10-28,11538314000.0,27709.547,7410.2065,10954.801,9344.533,0.0,4084.3442,0.0,0.0,0.0,0.0,0.0,0.13
2020-10-29,11538314000.0,27755.787,7422.2773,10973.105,9360.397,0.0,4091.335,0.0,0.0,0.0,0.0,0.0,0.13
2020-10-31,11538314000.0,27843.07,7445.5234,11006.62,9390.913,0.0,4105.379,0.0,0.0,0.0,0.0,0.0,0.13
2020-11-01,11538314000.0,27870.654,7450.565,11032.408,9387.684,0.0,4134.9634,0.0,0.0,0.0,0.0,0.0,0.23
2020-11-02,11538314000.0,27908.844,7459.5806,11047.544,9401.713,0.0,4142.77,0.0,0.0,0.0,0.0,0.0,0.23
2020-11-03,11538314000.0,27955.635,7471.915,11066.258,9417.461,0.0,4149.6304,0.0,0.0,0.0,0.0,0.0,0.23
2020-11-04,11538314000.0,28003.115,7484.4307,11085.153,9433.532,0.0,4156.402,0.0,0.0,0.0,0.0,0.0,0.23
2020-11-05,11538314000.0,28048.934,7496.4214,11103.573,9448.936,0.0,4163.1577,0.0,0.0,0.0,0.0,0.0,0.23
2020-11-06,11538314000.0,28083.975,7505.1235,11118.646,9460.206,0.0,4170.1973,0.0,0.0,0.0,0.0,0.0,0.23
2020-11-07,11538314000.0,28115.072,7513.112,11131.412,9470.549,0.0,4177.2856,0.0,0.0,0.0,0.0,0.0,0.23
2020-11-08,11538314000.0,28144.959,7520.9194,11143.098,9480.945,0.0,4184.331,0.0,0.0,0.0,0.0,0.0,0.23
2020-11-09,11538314000.0,28177.46,7531.679,11141.398,9504.37,0.0,4170.4834,0.0,0.0,0.0,0.0,0.0,0.13416666
2020-11-10,11538314000.0,28208.105,7540.4517,11152.904,9514.74,0.0,4177.7754,0.0,0.0,0.0,0.0,0.0,0.13
2020-11-11,11538314000.0,28251.334,7552.3955,11169.587,9529.335,0.0,4185.1675,0.0,0.0,0.0,0.0,0.0,0.13
2020-11-12,11538314000.0,28295.469,7564.032,11187.1875,9544.242,0.0,4191.6787,0.0,0.0,0.0,0.0,0.0,0.13
2020-11-13,11538314000.0,28333.438,7574.4414,11204.559,9554.429,0.0,4202.486,0.0,0.0,0.0,0.0,0.0,0.14666666
2020-11-14,11538314000.0,28358.188,7579.3105,11226.935,9551.939,0.0,4229.257,0.0,0.0,0.0,0.0,0.0,0.23
2020-11-15,11538314000.0,28384.9,7586.479,11237.461,9560.965,0.0,4237.1147,0.0,0.0,0.0,0.0,0.0,0.23
2020-11-17,11538314000.0,28438.666,7601.5757,11257.897,9579.194,0.0,4252.746,0.0,0.0,0.0,0.0,0.0,0.23
2020-11-18,11538314000.0,28477.344,7611.1406,11273.111,9593.094,0.0,4259.55,0.0,0.0,0.0,0.0,0.0,0.23
2020-11-19,11538314000.0,28522.648,7622.9014,11291.043,9608.705,0.0,4266.2134,0.0,0.0,0.0,0.0,0.0,0.23
2020-11-20,11538314000.0,28567.246,7634.6714,11308.745,9623.829,0.0,4272.1807,0.0,0.0,0.0,0.0,0.0,0.23
2020-11-21,11538314000.0,28611.615,7646.7183,11326.322,9638.579,0.0,4277.754,0.0,0.0,0.0,0.0,0.0,0.23
2020-11-22,11538314000.0,28657.033,7659.806,11338.806,9658.421,0.0,4275.663,0.0,0.0,0.0,0.0,0.0,0.19666667
2020-11-24,11538314000.0,28736.264,7683.051,11358.344,9694.863,0.0,4273.056,0.0,0.0,0.0,0.0,0.0,0.13
2020-11-25,11538314000.0,28778.785,7694.5674,11374.298,9709.917,0.0,4279.5796,0.0,0.0,0.0,0.0,0.0,0.13
2020-11-27,11538314000.0,28862.496,7717.8286,11407.731,9736.928,0.0,4291.9873,0.0,0.0,0.0,0.0,0.0,0.13
2020-11-28,11538314000.0,28904.887,7729.2676,11424.341,9751.2705,0.0,4298.264,0.0,0.0,0.0,0.0,0.0,0.13
2020-11-29,11538314000.0,28949.965,7741.076,11442.165,9766.715,0.0,4304.151,0.0,0.0,0.0,0.0,0.0,0.13
2020-11-30,11538314000.0,28994.986,7753.115,11459.742,9782.121,0.0,4309.9204,0.0,0.0,0.0,0.0,0.0,0.13
2020-12-01,11538314000.0,29039.316,7764.62,11477.567,9797.122,0.0,4316.887,0.0,0.0,0.0,0.0,0.0,0.13416666
2020-12-02,11538314000.0,29084.285,7776.36,11494.684,9813.237,0.0,4322.3027,0.0,0.0,0.0,0.0,0.0,0.13
2020-12-03,11538314000.0,29126.896,7786.1924,11524.024,9816.683,0.0,4347.3867,0.0,0.0,0.0,0.0,0.0,0.21333334
2020-12-04,11538314000.0,29172.81,7798.428,11544.432,9829.947,0.0,4357.229,0.0,0.0,0.0,0.0,0.0,0.23
2020-12-05,11538314000.0,29218.805,7810.731,11562.167,9845.905,0.0,4363.1533,0.0,0.0,0.0,0.0,0.0,0.23
2020-12-06,11538314000.0,29259.586,7821.242,11578.11,9860.234,0.0,4370.1177,0.0,0.0,0.0,0.0,0.0,0.23
2020-12-07,11538314000.0,29299.629,7830.6587,11590.329,9878.642,0.0,4371.3594,0.0,0.0,0.0,0.0,0.0,0.20916668
2020-12-08,11538314000.0,29341.723,7842.286,11595.17,9904.258,0.0,4360.1646,0.0,0.0,0.0,0.0,0.0,0.13
2020-12-09,11538314000.0,29367.732,7848.955,11604.789,9913.979,0.0,4366.207,0.0,0.0,0.0,0.0,0.0,0.13
2020-12-10,11538314000.0,29391.674,7853.081,11612.086,9926.493,0.0,4370.3047,0.0,0.0,0.0,0.0,0.0,0.13
2020-12-11,11538314000.0,29408.11,7854.3564,11616.826,9936.919,0.0,4372.393,0.0,0.0,0.0,0.0,0.0,0.13
2020-12-12,11538314000.0,29414.572,7856.549,11619.077,9938.939,0.0,4373.523,0.0,0.0,0.0,0.0,0.0,0.13
2020-12-13,11538314000.0,29443.246,7864.325,11628.607,9950.304,0.0,4377.9766,0.0,0.0,0.0,0.0,0.0,0.13
2020-12-14,11538314000.0,29476.43,7871.9927,11640.491,9963.934,0.0,4382.3384,0.0,0.0,0.0,0.0,0.0,0.13
2020-12-15,11538314000.0,29503.957,7878.3867,11651.625,9973.94,0.0,4386.9507,0.0,0.0,0.0,0.0,0.0,0.13
2020-12-16,11538314000.0,29546.32,7890.2925,11667.78,9988.242,0.0,4391.31,0.0,0.0,0.0,0.0,0.0,0.13
2020-12-19,11538314000.0,29653.824,7919.235,11719.547,10015.034,0.0,4417.138,0.0,0.0,0.0,0.0,0.0,0.1925
2020-12-20,11538314000.0,29693.816,7929.7046,11739.805,10024.31,0.0,4432.5527,0.0,0.0,0.0,0.0,0.0,0.23
2020-12-21,11538314000.0,29736.459,7940.5713,11756.814,10039.074,0.0,4438.68,0.0,0.0,0.0,0.0,0.0,0.23
2020-12-28,11538314000.0,29995.676,8011.5786,11847.153,10136.9375,0.0,4466.341,0.0,0.0,0.0,0.0,0.0,0.15083332
2020-12-30,11538314000.0,30073.781,8032.7383,11875.191,10165.841,0.0,4476.5356,0.0,0.0,0.0,0.0,0.0,0.13
2020-12-31,11538314000.0,30121.686,8045.8564,11893.51,10182.307,0.0,4482.472,0.0,0.0,0.0,0.0,0.0,0.13
2021-01-02,11538314000.0,30214.422,8070.4277,11929.609,10214.377,0.0,4494.834,0.0,0.0,0.0,0.0,0.0,0.13
2021-01-03,11538314000.0,30259.064,8081.733,11946.909,10230.414,0.0,4500.783,0.0,0.0,0.0,0.0,0.0,0.13
2021-01-04,11538314000.0,30296.008,8091.8506,11961.403,10242.744,0.0,4505.6665,0.0,0.0,0.0,0.0,0.0,0.13
2021-01-05,11538314000.0,30327.137,8100.123,11980.205,10246.807,0.0,4524.1377,0.0,0.0,0.0,0.0,0.0,0.18416667
2021-01-06,11538314000.0,30361.77,8107.9077,11999.767,10254.095,0.0,4539.5146,0.0,0.0,0.0,0.0,0.0,0.23
2021-01-07,11538314000.0,30398.377,8118.5146,12012.976,10266.887,0.0,4544.0073,0.0,0.0,0.0,0.0,0.0,0.23
2021-01-08,11538314000.0,30430.861,8125.24,12024.754,10280.872,0.0,4549.165,0.0,0.0,0.0,0.0,0.0,0.23
2021-01-09,11538314000.0,30474.32,8137.1953,12041.512,10295.61,0.0,4554.9165,0.0,0.0,0.0,0.0,0.0,0.23
2021-01-12,11538314000.0,30599.924,8169.3535,12090.666,10339.904,0.0,4571.003,0.0,0.0,0.0,0.0,0.0,0.23
2021-01-13,11538314000.0,30644.104,8181.7803,12099.25,10363.069,0.0,4563.9854,0.0,0.0,0.0,0.0,0.0,0.17583333
2021-01-14,11538314000.0,30685.969,8193.68,12108.276,10384.005,0.0,4558.7915,0.0,0.0,0.0,0.0,0.0,0.13
2021-01-15,11538314000.0,30727.8,8205.186,12124.929,10397.677,0.0,4565.48,0.0,0.0,0.0,0.0,0.0,0.13
2021-01-16,11538314000.0,30770.105,8217.268,12140.393,10412.431,0.0,4571.254,0.0,0.0,0.0,0.0,0.0,0.13
2021-01-17,11538314000.0,30811.92,8229.025,12156.159,10426.7295,0.0,4577.0513,0.0,0.0,0.0,0.0,0.0,0.13
2021-01-18,11538314000.0,30853.51,8238.914,12185.729,10428.863,0.0,4602.824,0.0,0.0,0.0,0.0,0.0,0.21333334
2021-01-19,11538314000.0,30894.088,8249.489,12205.599,10439.0,0.0,4612.3765,0.0,0.0,0.0,0.0,0.0,0.23
2021-01-20,11538314000.0,30934.37,8260.237,12221.94,10452.195,0.0,4618.106,0.0,0.0,0.0,0.0,0.0,0.23
2021-01-21,11538314000.0,30975.947,8271.676,12238.028,10466.235,0.0,4623.2397,0.0,0.0,0.0,0.0,0.0,0.23
2021-01-22,11538314000.0,31015.402,8283.377,12254.647,10477.376,0.0,4629.3076,0.0,0.0,0.0,0.0,0.0,0.23
2021-01-23,11538314000.0,31055.957,8294.803,12270.891,10490.261,0.0,4634.717,0.0,0.0,0.0,0.0,0.0,0.23
2021-01-24,11538314000.0,31097.078,8305.279,12287.505,10504.293,0.0,4640.5503,0.0,0.0,0.0,0.0,0.0,0.23
2021-01-25,11538314000.0,31141.62,8317.031,12304.541,10520.048,0.0,4645.8867,0.0,0.0,0.0,0.0,0.0,0.23
2021-01-26,11538314000.0,31184.863,8328.436,12321.997,10534.426,0.0,4651.674,0.0,0.0,0.0,0.0,0.0,0.23
2021-01-27,11538314000.0,31231.113,8341.914,12333.843,10555.352,0.0,4647.01,0.0,0.0,0.0,0.0,0.0,0.18833333
2021-01-28,11538314000.0,31264.887,8353.013,12337.979,10573.887,0.0,4637.156,0.0,0.0,0.0,0.0,0.0,0.13
2021-01-29,11538314000.0,31270.12,8353.557,12340.58,10575.972,0.0,4638.008,0.0,0.0,0.0,0.0,0.0,0.13
2021-01-30,11538314000.0,31271.16,8353.59,12341.52,10576.04,0.0,4638.1836,0.0,0.0,0.0,0.0,0.0,0.13
2021-02-01,11538314000.0,31271.16,8353.59,12341.52,10576.04,0.0,4638.19,0.0,0.0,0.0,0.0,0.0,0.13
2021-02-02,11538314000.0,31271.16,8353.59,12341.52,10576.04,0.0,4638.19,0.0,0.0,0.0,0.0,0.0,0.13
2021-02-03,11538314000.0,31269.04,8351.444,12352.531,10565.06,0.0,4657.6494,0.0,0.0,0.0,0.0,0.0,0.20916668
2021-02-04,11538314000.0,31268.48,8350.88,12355.43,10562.17,0.0,4662.77,0.0,0.0,0.0,0.0,0.0,0.23
2021-02-05,11538314000.0,31268.48,8350.88,12355.43,10562.17,0.0,4662.77,0.0,0.0,0.0,0.0,0.0,0.23
2021-02-06,11538314000.0,31268.48,8350.88,12355.43,10562.17,0.0,4662.77,0.0,0.0,0.0,0.0,0.0,0.23
2021-02-07,11538314000.0,31268.48,8350.88,12355.43,10562.17,0.0,4662.77,0.0,0.0,0.0,0.0,0.0,0.23
2021-02-08,11538314000.0,31268.48,8350.88,12355.43,10562.17,0.0,4662.77,0.0,0.0,0.0,0.0,0.0,0.23
2021-02-10,11538314000.0,31268.48,8350.88,12355.43,10562.17,0.0,4662.77,0.0,0.0,0.0,0.0,0.0,0.23
2021-02-11,11538314000.0,31268.48,8350.88,12355.43,10562.17,0.0,4662.77,0.0,0.0,0.0,0.0,0.0,0.23
2021-02-12,11538314000.0,31268.48,8350.88,12355.43,10562.17,0.0,4662.77,0.0,0.0,0.0,0.0,0.0,0.23
2021-02-13,11538314000.0,31268.48,8350.88,12355.43,10562.17,0.0,4662.77,0.0,0.0,0.0,0.0,0.0,0.23
2021-02-14,11538314000.0,31268.48,8350.88,12355.43,10562.17,0.0,4662.77,0.0,0.0,0.0,0.0,0.0,0.23
2021-02-15,11538314000.0,31268.48,8350.88,12355.43,10562.17,0.0,4662.77,0.0,0.0,0.0,0.0,0.0,0.23
2021-02-16,11538314000.0,31268.48,8350.88,12355.43,10562.17,0.0,4662.77,0.0,0.0,0.0,0.0,0.0,0.23
2021-02-17,11538314000.0,31268.48,8350.88,12355.43,10562.17,0.0,4662.77,0.0,0.0,0.0,0.0,0.0,0.23
2021-02-19,11538314000.0,31270.268,8352.687,12346.156,10571.417,0.0,4646.3833,0.0,0.0,0.0,0.0,0.0,0.16333333
2021-02-20,11538314000.0,31275.379,8355.659,12343.67,10576.04,0.0,4639.108,0.0,0.0,0.0,0.0,0.0,0.13
2021-02-21,11538314000.0,31313.404,8366.54,12358.35,10588.501,0.0,4645.2524,0.0,0.0,0.0,0.0,0.0,0.13
2021-02-22,11538314000.0,31361.256,8379.189,12377.4,10604.66,0.0,4651.158,0.0,0.0,0.0,0.0,0.0,0.13
2021-02-23,11538314000.0,31408.848,8391.128,12396.5205,10621.188,0.0,4656.61,0.0,0.0,0.0,0.0,0.0,0.13
2021-02-24,11538314000.0,31454.836,8402.592,12415.599,10636.634,0.0,4662.4907,0.0,0.0,0.0,0.0,0.0,0.13
2021-02-25,11538314000.0,31501.367,8415.235,12434.334,10651.787,0.0,4667.8936,0.0,0.0,0.0,0.0,0.0,0.13
2021-02-26,11538314000.0,31546.428,8427.762,12452.402,10666.247,0.0,4673.5054,0.0,0.0,0.0,0.0,0.0,0.13
2021-03-01,11538314000.0,31680.89,8463.595,12507.184,10710.106,0.0,4690.7793,0.0,0.0,0.0,0.0,0.0,0.13
2021-03-02,11538314000.0,31724.307,8475.102,12524.704,10724.489,0.0,4695.788,0.0,0.0,0.0,0.0,0.0,0.13
2021-03-03,11538314000.0,31770.965,8487.375,12543.124,10740.459,0.0,4700.5825,0.0,0.0,0.0,0.0,0.0,0.13
2021-03-04,11538314000.0,31815.26,8498.25,12560.883,10756.112,0.0,4705.3,0.0,0.0,0.0,0.0,0.0,0.13
2021-03-05,11538314000.0,31859.348,8510.37,12578.667,10770.298,0.0,4710.87,0.0,0.0,0.0,0.0,0.0,0.13
2021-03-06,11538314000.0,31904.936,8522.363,12596.823,10785.737,0.0,4715.6025,0.0,0.0,0.0,0.0,0.0,0.13
2021-03-07,11538314000.0,31949.19,8532.806,12614.536,10801.836,0.0,4720.3696,0.0,0.0,0.0,0.0,0.0,0.13
2021-03-08,11538314000.0,31984.75,8541.094,12629.689,10813.957,0.0,4726.8003,0.0,0.0,0.0,0.0,0.0,0.13
2021-03-09,11538314000.0,32028.46,8552.149,12648.784,10827.521,0.0,4734.558,0.0,0.0,0.0,0.0,0.0,0.1425
2021-03-10,11538314000.0,32071.36,8561.129,12679.311,10830.915,0.0,4760.8403,0.0,0.0,0.0,0.0,0.0,0.23
2021-03-11,11538314000.0,32116.346,8572.626,12696.371,10847.346,0.0,4764.4937,0.0,0.0,0.0,0.0,0.0,0.22166666
2021-03-12,11538314000.0,32159.893,8583.319,12715.035,10861.542,0.0,4771.0146,0.0,0.0,0.0,0.0,0.0,0.23
2021-03-13,11538314000.0,32205.469,8595.374,12733.231,10876.864,0.0,4775.9546,0.0,0.0,0.0,0.0,0.0,0.23
2021-03-16,11538314000.0,32333.094,8629.96,12784.116,10919.018,0.0,4790.0156,0.0,0.0,0.0,0.0,0.0,0.23
2021-03-17,11538314000.0,32367.377,8641.094,12796.583,10929.7,0.0,4793.807,0.0,0.0,0.0,0.0,0.0,0.22166666
2021-03-18,11538314000.0,32388.38,8648.088,12790.382,10949.9,0.0,4775.222,0.0,0.0,0.0,0.0,0.0,0.13
2021-03-19,11538314000.0,32416.785,8655.109,12800.796,10960.867,0.0,4780.7397,0.0,0.0,0.0,0.0,0.0,0.13
2021-03-20,11538314000.0,32459.086,8665.465,12818.108,10975.498,0.0,4786.0537,0.0,0.0,0.0,0.0,0.0,0.13
2021-03-21,11538314000.0,32503.854,8676.517,12837.033,10990.294,0.0,4794.4077,0.0,0.0,0.0,0.0,0.0,0.13833334
2021-03-22,11538314000.0,32547.967,8688.538,12852.894,11006.522,0.0,4798.2285,0.0,0.0,0.0,0.0,0.0,0.13
2021-03-23,11538314000.0,32594.535,8700.454,12871.645,11022.427,0.0,4803.8135,0.0,0.0,0.0,0.0,0.0,0.13
2021-03-24,11538314000.0,32641.117,8712.99,12890.661,11037.457,0.0,4809.052,0.0,0.0,0.0,0.0,0.0,0.13
2021-03-25,11538314000.0,32689.723,8726.02,12910.732,11052.962,0.0,4813.464,0.0,0.0,0.0,0.0,0.0,0.13
2021-03-26,11538314000.0,32728.281,8736.572,12927.9375,11063.762,0.0,4821.193,0.0,0.0,0.0,0.0,0.0,0.13833334
2021-03-27,11538314000.0,32760.836,8743.449,12949.836,11067.55,0.0,4843.2886,0.0,0.0,0.0,0.0,0.0,0.19666667
2021-03-30,11538314000.0,32891.387,8776.295,13005.23,11109.862,0.0,4864.123,0.0,0.0,0.0,0.0,0.0,0.23
2021-03-31,11538314000.0,32938.074,8788.779,13023.685,11125.608,0.0,4868.5366,0.0,0.0,0.0,0.0,0.0,0.23
2021-04-01,11538314000.0,32984.094,8801.133,13041.796,11141.165,0.0,4872.814,0.0,0.0,0.0,0.0,0.0,0.23
2021-04-02,11538314000.0,33029.957,8813.7295,13059.814,11156.421,0.0,4877.5327,0.0,0.0,0.0,0.0,0.0,0.23
2021-04-03,11538314000.0,33074.746,8825.5,13077.344,11171.905,0.0,4882.365,0.0,0.0,0.0,0.0,0.0,0.23
2021-04-04,11538314000.0,33119.29,8836.786,13095.514,11186.987,0.0,4887.4814,0.0,0.0,0.0,0.0,0.0,0.23
2021-04-05,11538314000.0,33161.715,8847.822,13111.7705,11202.123,0.0,4893.99,0.0,0.0,0.0,0.0,0.0,0.23
2021-04-06,11538314000.0,33204.207,8858.326,13125.152,11220.725,0.0,4894.096,0.0,0.0,0.0,0.0,0.0,0.205
2021-04-07,11538314000.0,33246.8,8872.195,13131.492,11243.101,0.0,4879.2275,0.0,0.0,0.0,0.0,0.0,0.13
2021-04-08,11538314000.0,33283.938,8881.509,13154.708,11247.72,0.0,4898.967,0.0,0.0,0.0,0.0,0.0,0.18833333
2021-04-09,11538314000.0,33318.234,8889.221,13175.058,11253.959,0.0,4915.7,0.0,0.0,0.0,0.0,0.0,0.23
2021-04-10,11538314000.0,33361.086,8900.793,13192.338,11267.952,0.0,4919.909,0.0,0.0,0.0,0.0,0.0,0.23
2021-04-11,11538314000.0,33404.957,8913.037,13201.742,11290.177,0.0,4909.455,0.0,0.0,0.0,0.0,0.0,0.17583333
2021-04-12,11538314000.0,33445.887,8924.519,13210.793,11310.57,0.0,4902.41,0.0,0.0,0.0,0.0,0.0,0.13
2021-04-13,11538314000.0,33479.266,8932.576,13235.832,11310.8545,0.0,4928.905,0.0,0.0,0.0,0.0,0.0,0.20916668
2021-04-14,11538314000.0,33507.73,8939.433,13250.191,11318.108,0.0,4941.1514,0.0,0.0,0.0,0.0,0.0,0.23
2021-04-15,11538314000.0,33539.555,8947.02,13262.686,11329.851,0.0,4947.9443,0.0,0.0,0.0,0.0,0.0,0.23
2021-04-16,11538314000.0,33578.938,8956.27,13278.165,11344.505,0.0,4952.7773,0.0,0.0,0.0,0.0,0.0,0.23
2021-04-17,11538314000.0,33622.938,8967.51,13295.452,11359.9795,0.0,4957.447,0.0,0.0,0.0,0.0,0.0,0.23
2021-04-18,11538314000.0,33662.793,8978.389,13311.219,11373.182,0.0,4961.7446,0.0,0.0,0.0,0.0,0.0,0.23
2021-04-19,11538314000.0,33708.086,8991.181,13329.145,11387.767,0.0,4966.3223,0.0,0.0,0.0,0.0,0.0,0.23
2021-04-20,11538314000.0,33752.67,9003.084,13346.741,11402.846,0.0,4969.3765,0.0,0.0,0.0,0.0,0.0,0.22583334
2021-04-21,11538314000.0,33797.94,9017.405,13351.052,11429.469,0.0,4947.611,0.0,0.0,0.0,0.0,0.0,0.13
2021-04-22,11538314000.0,33841.91,9028.282,13374.667,11438.955,0.0,4961.155,0.0,0.0,0.0,0.0,0.0,0.1675
2021-04-23,11538314000.0,33881.742,9037.211,13400.962,11443.564,0.0,4981.8867,0.0,0.0,0.0,0.0,0.0,0.23
2021-04-24,11538314000.0,33921.223,9047.958,13417.979,11455.289,0.0,4986.6025,0.0,0.0,0.0,0.0,0.0,0.23
2021-04-25,11538314000.0,33961.59,9059.49,13433.688,11468.411,0.0,4990.7314,0.0,0.0,0.0,0.0,0.0,0.23
2021-04-26,11538314000.0,34003.25,9070.95,13450.016,11482.286,0.0,4994.3594,0.0,0.0,0.0,0.0,0.0,0.23
2021-04-27,11538314000.0,34041.96,9082.1,13466.626,11493.236,0.0,4999.8745,0.0,0.0,0.0,0.0,0.0,0.23
2021-04-28,11538314000.0,34082.52,9093.705,13483.567,11505.255,0.0,5003.667,0.0,0.0,0.0,0.0,0.0,0.23
2021-04-29,11538314000.0,34126.785,9105.811,13500.716,11520.258,0.0,5006.796,0.0,0.0,0.0,0.0,0.0,0.23
2021-04-30,11538314000.0,34167.574,9117.421,13517.62,11532.54,0.0,5010.9336,0.0,0.0,0.0,0.0,0.0,0.23
2021-05-01,11538314000.0,34206.938,9127.965,13533.3545,11545.618,0.0,5015.3027,0.0,0.0,0.0,0.0,0.0,0.23
2021-05-02,11538314000.0,34235.66,9135.136,13544.811,11555.719,0.0,5022.5586,0.0,0.0,0.0,0.0,0.0,0.23
2021-05-03,11538314000.0,34263.07,9142.279,13555.695,11565.096,0.0,5030.5444,0.0,0.0,0.0,0.0,0.0,0.23
2021-05-04,11538314000.0,34293.902,9152.392,13558.648,11582.859,0.0,5022.7285,0.0,0.0,0.0,0.0,0.0,0.17166667
2021-05-05,11538314000.0,34326.492,9162.48,13565.167,11598.836,0.0,5018.3403,0.0,0.0,0.0,0.0,0.0,0.13
2021-05-06,11538314000.0,34355.56,9169.821,13577.381,11608.35,0.0,5024.4253,0.0,0.0,0.0,0.0,0.0,0.13
2021-05-07,11538314000.0,34387.01,9178.909,13590.143,11617.955,0.0,5030.4336,0.0,0.0,0.0,0.0,0.0,0.13
2021-05-08,11538314000.0,34415.453,9185.815,13601.76,11627.873,0.0,5036.531,0.0,0.0,0.0,0.0,0.0,0.13
2021-05-09,11538314000.0,34445.168,9193.84,13615.264,11636.057,0.0,5044.3535,0.0,0.0,0.0,0.0,0.0,0.13833334
2021-05-10,11538314000.0,34481.19,9204.533,13627.543,11649.1045,0.0,5047.1206,0.0,0.0,0.0,0.0,0.0,0.13
2021-05-11,11538314000.0,34514.586,9213.298,13640.301,11660.976,0.0,5052.5166,0.0,0.0,0.0,0.0,0.0,0.13
2021-05-12,11538314000.0,34542.63,9220.25,13650.5,11671.87,0.0,5056.7974,0.0,0.0,0.0,0.0,0.0,0.13
2021-05-13,11538314000.0,34581.254,9230.516,13666.126,11684.604,0.0,5062.1797,0.0,0.0,0.0,0.0,0.0,0.13
2021-05-14,11538314000.0,34617.914,9239.606,13680.683,11697.616,0.0,5065.5996,0.0,0.0,0.0,0.0,0.0,0.13
2021-05-15,11538314000.0,34652.8,9248.094,13694.788,11709.911,0.0,5069.142,0.0,0.0,0.0,0.0,0.0,0.13
2021-05-16,11538314000.0,34688.266,9257.84,13708.6875,11721.73,0.0,5073.7046,0.0,0.0,0.0,0.0,0.0,0.13416666
2021-05-17,11538314000.0,34724.953,9267.231,13722.536,11735.18,0.0,5076.297,0.0,0.0,0.0,0.0,0.0,0.13
2021-05-18,11538314000.0,34757.99,9275.729,13736.552,11745.699,0.0,5082.614,0.0,0.0,0.0,0.0,0.0,0.13833334
2021-05-19,11538314000.0,34784.367,9282.278,13760.261,11741.83,0.0,5112.605,0.0,0.0,0.0,0.0,0.0,0.23
2021-05-20,11538314000.0,34810.363,9289.35,13770.186,11750.825,0.0,5119.494,0.0,0.0,0.0,0.0,0.0,0.23
2021-05-21,11538314000.0,34844.15,9299.124,13783.915,11761.1045,0.0,5124.0063,0.0,0.0,0.0,0.0,0.0,0.23
2021-05-22,11538314000.0,34880.44,9308.148,13798.119,11774.169,0.0,5127.3965,0.0,0.0,0.0,0.0,0.0,0.23
2021-05-23,11538314000.0,34910.23,9314.133,13809.175,11786.926,0.0,5132.4473,0.0,0.0,0.0,0.0,0.0,0.23
2021-05-24,11538314000.0,34935.418,9321.1,13819.265,11795.051,0.0,5137.297,0.0,0.0,0.0,0.0,0.0,0.23
2021-05-25,11538314000.0,34970.336,9331.568,13832.705,11806.064,0.0,5141.0654,0.0,0.0,0.0,0.0,0.0,0.23
2021-05-26,11538314000.0,35003.617,9341.48,13846.242,11815.891,0.0,5144.0425,0.0,0.0,0.0,0.0,0.0,0.23
2021-05-27,11538314000.0,35034.688,9348.666,13857.087,11828.94,0.0,5146.7227,0.0,0.0,0.0,0.0,0.0,0.23
2021-05-28,11538314000.0,35063.38,9357.522,13858.047,11847.806,0.0,5132.88,0.0,0.0,0.0,0.0,0.0,0.16333333
2021-05-29,11538314000.0,35097.258,9368.33,13865.945,11862.973,0.0,5126.377,0.0,0.0,0.0,0.0,0.0,0.13
2021-05-30,11538314000.0,35128.723,9375.93,13883.183,11869.606,0.0,5137.1377,0.0,0.0,0.0,0.0,0.0,0.16333333
2021-05-31,11538314000.0,35154.918,9380.371,13903.215,11871.33,0.0,5157.565,0.0,0.0,0.0,0.0,0.0,0.23
2021-06-01,11538314000.0,35181.074,9385.978,13914.128,11880.969,0.0,5160.9155,0.0,0.0,0.0,0.0,0.0,0.23
2021-06-02,11538314000.0,35223.37,9397.074,13931.274,11895.0205,0.0,5163.981,0.0,0.0,0.0,0.0,0.0,0.23
2021-06-03,11538314000.0,35268.188,9409.025,13948.627,11910.535,0.0,5167.2217,0.0,0.0,0.0,0.0,0.0,0.23
2021-06-04,11538314000.0,35310.09,9420.442,13964.586,11925.056,0.0,5170.0474,0.0,0.0,0.0,0.0,0.0,0.23
2021-06-05,11538314000.0,35353.73,9431.977,13981.441,11940.313,0.0,5172.7095,0.0,0.0,0.0,0.0,0.0,0.23
2021-06-06,11538314000.0,35398.336,9443.76,13998.624,11955.957,0.0,5175.692,0.0,0.0,0.0,0.0,0.0,0.23
2021-06-07,11538314000.0,35442.863,9456.806,14006.574,11979.48,0.0,5160.8965,0.0,0.0,0.0,0.0,0.0,0.1675
2021-06-08,11538314000.0,35480.977,9468.143,14017.031,11995.793,0.0,5153.942,0.0,0.0,0.0,0.0,0.0,0.13
2021-06-09,11538314000.0,35525.426,9480.569,14035.01,12009.835,0.0,5157.7905,0.0,0.0,0.0,0.0,0.0,0.13
2021-06-10,11538314000.0,35570.848,9492.418,14052.832,12025.586,0.0,5160.9966,0.0,0.0,0.0,0.0,0.0,0.13
2021-06-11,11538314000.0,35615.555,9504.267,14070.37,12040.911,0.0,5164.0254,0.0,0.0,0.0,0.0,0.0,0.13
2021-06-12,11538314000.0,35656.43,9513.455,14099.638,12043.336,0.0,5192.8765,0.0,0.0,0.0,0.0,0.0,0.22166666
2021-06-13,11538314000.0,35700.496,9525.413,14117.857,12057.225,0.0,5198.6436,0.0,0.0,0.0,0.0,0.0,0.23
2021-06-14,11538314000.0,35744.195,9536.762,14134.896,12072.539,0.0,5202.2,0.0,0.0,0.0,0.0,0.0,0.23
2021-06-15,11538314000.0,35787.965,9548.002,14152.506,12087.457,0.0,5206.059,0.0,0.0,0.0,0.0,0.0,0.23
2021-06-16,11538314000.0,35827.633,9557.935,14167.748,12101.951,0.0,5210.4185,0.0,0.0,0.0,0.0,0.0,0.23
2021-06-17,11538314000.0,35860.902,9567.265,14180.194,12113.436,0.0,5215.788,0.0,0.0,0.0,0.0,0.0,0.23
2021-06-18,11538314000.0,35902.46,9579.267,14195.987,12127.205,0.0,5220.6494,0.0,0.0,0.0,0.0,0.0,0.23
2021-06-19,11538314000.0,35946.07,9591.76,14210.148,12144.161,0.0,5217.0146,0.0,0.0,0.0,0.0,0.0,0.205
2021-06-20,11538314000.0,35987.297,9605.35,14216.207,12165.729,0.0,5200.2017,0.0,0.0,0.0,0.0,0.0,0.13
2021-06-21,11538314000.0,36024.48,9616.503,14230.174,12177.791,0.0,5205.2954,0.0,0.0,0.0,0.0,0.0,0.13
2021-06-22,11538314000.0,36055.613,9624.832,14242.36,12188.411,0.0,5213.9946,0.0,0.0,0.0,0.0,0.0,0.13
2021-06-23,11538314000.0,36083.664,9632.454,14253.523,12197.676,0.0,5222.135,0.0,0.0,0.0,0.0,0.0,0.13
2021-06-24,11538314000.0,36108.934,9638.822,14264.893,12205.214,0.0,5232.0796,0.0,0.0,0.0,0.0,0.0,0.13833334
2021-06-25,11538314000.0,36135.492,9645.805,14274.163,12215.513,0.0,5237.4326,0.0,0.0,0.0,0.0,0.0,0.13
2021-06-26,11538314000.0,36162.12,9653.652,14284.813,12223.649,0.0,5244.524,0.0,0.0,0.0,0.0,0.0,0.13
2021-06-27,11538314000.0,36200.99,9665.337,14299.416,12236.2295,0.0,5249.8213,0.0,0.0,0.0,0.0,0.0,0.13
2021-06-28,11538314000.0,36238.344,9676.551,14314.321,12247.467,0.0,5254.9053,0.0,0.0,0.0,0.0,0.0,0.13
2021-06-29,11538314000.0,36276.375,9686.593,14328.953,12260.818,0.0,5259.465,0.0,0.0,0.0,0.0,0.0,0.13
2021-06-30,11538314000.0,36307.566,9694.672,14342.802,12270.077,0.0,5265.247,0.0,0.0,0.0,0.0,0.0,0.13
2021-07-01,11538314000.0,36338.156,9700.693,14370.645,12266.822,0.0,5298.7393,0.0,0.0,0.0,0.0,0.0,0.23
2021-07-02,11538314000.0,36372.758,9709.889,14384.718,12278.15,0.0,5304.321,0.0,0.0,0.0,0.0,0.0,0.23
2021-07-03,11538314000.0,36402.43,9717.246,14396.107,12289.076,0.0,5310.458,0.0,0.0,0.0,0.0,0.0,0.23
2021-07-04,11538314000.0,36436.137,9725.343,14408.412,12302.385,0.0,5316.5493,0.0,0.0,0.0,0.0,0.0,0.23
2021-07-05,11538314000.0,36474.195,9735.506,14421.59,12317.101,0.0,5322.501,0.0,0.0,0.0,0.0,0.0,0.23
2021-07-06,11538314000.0,36510.22,9746.046,14433.631,12330.545,0.0,5329.157,0.0,0.0,0.0,0.0,0.0,0.23
2021-07-07,11538314000.0,36544.926,9755.116,14445.551,12344.261,0.0,5335.1367,0.0,0.0,0.0,0.0,0.0,0.23
2021-07-08,11538314000.0,36583.71,9765.958,14459.432,12358.322,0.0,5340.4185,0.0,0.0,0.0,0.0,0.0,0.23
2021-07-09,11538314000.0,36616.684,9773.809,14472.768,12370.108,0.0,5346.63,0.0,0.0,0.0,0.0,0.0,0.23
2021-07-10,11538314000.0,36648.44,9781.822,14484.511,12382.113,0.0,5353.8506,0.0,0.0,0.0,0.0,0.0,0.23
2021-07-11,11538314000.0,36675.105,9789.06,14495.109,12390.939,0.0,5359.966,0.0,0.0,0.0,0.0,0.0,0.23
2021-07-12,11538314000.0,36701.043,9795.885,14505.399,12399.756,0.0,5366.5444,0.0,0.0,0.0,0.0,0.0,0.23
2021-07-13,11538314000.0,36727.438,9802.138,14516.046,12409.254,0.0,5373.42,0.0,0.0,0.0,0.0,0.0,0.23
2021-07-14,11538314000.0,36765.707,9812.52,14525.188,12427.995,0.0,5370.751,0.0,0.0,0.0,0.0,0.0,0.20083334
2021-07-15,11538314000.0,36808.92,9825.382,14529.756,12453.772,0.0,5354.5967,0.0,0.0,0.0,0.0,0.0,0.13
2021-07-16,11538314000.0,36850.656,9835.69,14545.644,12469.314,0.0,5359.0938,0.0,0.0,0.0,0.0,0.0,0.13
2021-07-17,11538314000.0,36888.973,9847.263,14561.321,12480.375,0.0,5364.4893,0.0,0.0,0.0,0.0,0.0,0.13
2021-07-18,11538314000.0,36925.94,9857.376,14576.547,12492.009,0.0,5370.061,0.0,0.0,0.0,0.0,0.0,0.13
2021-07-19,11538314000.0,36960.89,9866.697,14591.563,12502.617,0.0,5375.793,0.0,0.0,0.0,0.0,0.0,0.13
2021-07-20,11538314000.0,36999.215,9878.409,14608.496,12512.298,0.0,5380.9165,0.0,0.0,0.0,0.0,0.0,0.13
2021-07-21,11538314000.0,37036.008,9889.074,14624.739,12522.186,0.0,5386.5244,0.0,0.0,0.0,0.0,0.0,0.13
2021-07-22,11538314000.0,37072.668,9899.536,14640.944,12532.18,0.0,5392.132,0.0,0.0,0.0,0.0,0.0,0.13
2021-07-23,11538314000.0,37109.52,9909.813,14657.303,12542.395,0.0,5398.1895,0.0,0.0,0.0,0.0,0.0,0.13
2021-07-24,11538314000.0,37145.19,9917.472,14684.352,12543.371,0.0,5429.7563,0.0,0.0,0.0,0.0,0.0,0.2175
2021-07-25,11538314000.0,37181.14,9927.563,14701.262,12552.319,0.0,5439.564,0.0,0.0,0.0,0.0,0.0,0.23
2021-07-26,11538314000.0,37220.71,9938.174,14716.812,12565.725,0.0,5445.244,0.0,0.0,0.0,0.0,0.0,0.23
2021-07-27,11538314000.0,37247.52,9944.879,14727.258,12575.378,0.0,5451.906,0.0,0.0,0.0,0.0,0.0,0.23
2021-07-28,11538314000.0,37272.254,9951.406,14737.082,12583.765,0.0,5459.0874,0.0,0.0,0.0,0.0,0.0,0.23
2021-07-29,11538314000.0,37305.098,9958.975,14749.76,12596.363,0.0,5465.528,0.0,0.0,0.0,0.0,0.0,0.23
2021-07-30,11538314000.0,37345.65,9969.366,14766.183,12610.102,0.0,5470.6724,0.0,0.0,0.0,0.0,0.0,0.23
2021-07-31,11538314000.0,37386.96,9980.769,14782.676,12623.52,0.0,5474.956,0.0,0.0,0.0,0.0,0.0,0.23
2021-08-01,11538314000.0,37428.875,9991.512,14799.498,12637.87,0.0,5479.1333,0.0,0.0,0.0,0.0,0.0,0.23
2021-08-02,11538314000.0,37470.574,10003.708,14815.72,12651.145,0.0,5483.8496,0.0,0.0,0.0,0.0,0.0,0.23
2021-08-03,11538314000.0,37514.055,10014.81,14833.211,12666.033,0.0,5488.1343,0.0,0.0,0.0,0.0,0.0,0.23
2021-08-04,11538314000.0,37554.805,10024.049,14849.584,12681.172,0.0,5492.8228,0.0,0.0,0.0,0.0,0.0,0.23
2021-08-05,11538314000.0,37598.777,10035.603,14867.108,12696.066,0.0,5496.826,0.0,0.0,0.0,0.0,0.0,0.23
2021-08-06,11538314000.0,37638.86,10046.493,14883.777,12708.588,0.0,5501.8423,0.0,0.0,0.0,0.0,0.0,0.23
2021-08-07,11538314000.0,37681.05,10057.558,14900.611,12722.882,0.0,5507.104,0.0,0.0,0.0,0.0,0.0,0.23
2021-08-08,11538314000.0,37724.46,10068.71,14918.375,12737.378,0.0,5511.7095,0.0,0.0,0.0,0.0,0.0,0.23
2021-08-09,11538314000.0,37765.67,10079.438,14934.186,12752.047,0.0,5515.8955,0.0,0.0,0.0,0.0,0.0,0.23
2021-08-10,11538314000.0,37799.92,10087.032,14947.035,12765.855,0.0,5520.061,0.0,0.0,0.0,0.0,0.0,0.23
2021-08-11,11538314000.0,37849.305,10100.349,14967.232,12781.726,0.0,5525.0605,0.0,0.0,0.0,0.0,0.0,0.23
2021-08-12,11538314000.0,37883.84,10109.029,14981.137,12793.674,0.0,5532.2754,0.0,0.0,0.0,0.0,0.0,0.23
2021-08-14,11538314000.0,37949.51,10127.31,15004.535,12817.675,0.0,5546.898,0.0,0.0,0.0,0.0,0.0,0.23
2021-08-16,11538314000.0,38037.56,10152.931,15023.885,12860.727,0.0,5529.052,0.0,0.0,0.0,0.0,0.0,0.13416666
2021-08-19,11538314000.0,38134.14,10182.428,15061.092,12890.614,0.0,5549.1865,0.0,0.0,0.0,0.0,0.0,0.13
2021-08-20,11538314000.0,38171.883,10193.275,15074.902,12903.691,0.0,5555.2153,0.0,0.0,0.0,0.0,0.0,0.13
2021-08-21,11538314000.0,38212.523,10203.097,15090.651,12918.767,0.0,5561.1636,0.0,0.0,0.0,0.0,0.0,0.13
2021-08-22,11538314000.0,38250.207,10213.314,15106.798,12930.084,0.0,5566.844,0.0,0.0,0.0,0.0,0.0,0.13
2021-08-23,11538314000.0,38284.246,10223.569,15120.662,12940.005,0.0,5571.776,0.0,0.0,0.0,0.0,0.0,0.13
2021-08-24,11538314000.0,38312.863,10229.374,15130.899,12952.578,0.0,5577.6396,0.0,0.0,0.0,0.0,0.0,0.13
2021-08-25,11538314000.0,38335.473,10233.615,15140.001,12961.851,0.0,5583.5635,0.0,0.0,0.0,0.0,0.0,0.13
2021-08-26,11538314000.0,38361.965,10240.39,15151.37,12970.196,0.0,5590.73,0.0,0.0,0.0,0.0,0.0,0.13
2021-08-27,11538314000.0,38393.406,10248.753,15165.086,12979.557,0.0,5596.887,0.0,0.0,0.0,0.0,0.0,0.13
2021-08-28,11538314000.0,38427.973,10258.01,15179.812,12990.135,0.0,5602.808,0.0,0.0,0.0,0.0,0.0,0.13
2021-08-30,11538314000.0,38486.383,10271.716,15213.76,13000.904,0.0,5636.8726,0.0,0.0,0.0,0.0,0.0,0.20083334
2021-08-31,11538314000.0,38522.496,10279.6875,15232.535,13010.2705,0.0,5651.5386,0.0,0.0,0.0,0.0,0.0,0.23
2021-09-01,11538314000.0,38561.625,10290.078,15247.697,13023.847,0.0,5656.8604,0.0,0.0,0.0,0.0,0.0,0.23
2021-09-02,11538314000.0,38600.125,10300.922,15262.573,13036.626,0.0,5662.825,0.0,0.0,0.0,0.0,0.0,0.23
2021-09-03,11538314000.0,38636.234,10310.787,15276.003,13049.443,0.0,5668.6924,0.0,0.0,0.0,0.0,0.0,0.23
2021-09-04,11538314000.0,38673.96,10320.28,15290.528,13063.152,0.0,5674.257,0.0,0.0,0.0,0.0,0.0,0.23
2021-09-05,11538314000.0,38710.473,10330.272,15305.297,13074.903,0.0,5680.4355,0.0,0.0,0.0,0.0,0.0,0.23
2021-09-06,11538314000.0,38744.64,10339.146,15318.86,13086.629,0.0,5686.468,0.0,0.0,0.0,0.0,0.0,0.23
2021-09-07,11538314000.0,38782.93,10348.46,15333.706,13100.764,0.0,5690.732,0.0,0.0,0.0,0.0,0.0,0.23
2021-09-08,11538314000.0,38823.355,10358.79,15349.435,13115.133,0.0,5694.6094,0.0,0.0,0.0,0.0,0.0,0.23
2021-09-09,11538314000.0,38858.816,10369.004,15363.048,13126.765,0.0,5699.0444,0.0,0.0,0.0,0.0,0.0,0.23
2021-09-10,11538314000.0,38894.797,10378.619,15377.239,13138.939,0.0,5704.203,0.0,0.0,0.0,0.0,0.0,0.23
2021-09-11,11538314000.0,38933.273,10387.803,15392.66,13152.808,0.0,5709.1694,0.0,0.0,0.0,0.0,0.0,0.23
2021-09-12,11538314000.0,38971.855,10398.031,15407.709,13166.114,0.0,5714.5957,0.0,0.0,0.0,0.0,0.0,0.23
2021-09-13,11538314000.0,39006.438,10407.613,15421.026,13177.804,0.0,5719.5186,0.0,0.0,0.0,0.0,0.0,0.23
2021-09-14,11538314000.0,39037.367,10414.195,15432.782,13190.385,0.0,5725.2793,0.0,0.0,0.0,0.0,0.0,0.23
2021-09-15,11538314000.0,39070.56,10422.471,15433.813,13214.265,0.0,5706.7153,0.0,0.0,0.0,0.0,0.0,0.155
2021-09-17,11538314000.0,39123.906,10434.546,15446.041,13243.309,0.0,5707.6743,0.0,0.0,0.0,0.0,0.0,0.13
2021-09-18,11538314000.0,39138.883,10441.071,15451.607,13246.193,0.0,5709.8027,0.0,0.0,0.0,0.0,0.0,0.13
2021-09-19,11538314000.0,39159.586,10445.966,15458.336,13255.271,0.0,5713.112,0.0,0.0,0.0,0.0,0.0,0.13
2021-09-20,11538314000.0,39186.33,10451.093,15469.113,13266.111,0.0,5717.5435,0.0,0.0,0.0,0.0,0.0,0.13
2021-09-21,11538314000.0,39208.086,10455.774,15486.348,13265.958,0.0,5743.277,0.0,0.0,0.0,0.0,0.0,0.205
2021-09-22,11538314000.0,39208.754,10454.883,15489.541,13264.326,0.0,5751.475,0.0,0.0,0.0,0.0,0.0,0.23
2021-09-23,11538314000.0,39213.188,10455.96,15492.593,13264.631,0.0,5752.8945,0.0,0.0,0.0,0.0,0.0,0.23
2021-09-24,11538314000.0,39240.445,10462.304,15502.778,13275.36,0.0,5758.0747,0.0,0.0,0.0,0.0,0.0,0.23
2021-09-25,11538314000.0,39274.633,10470.195,15514.895,13289.54,0.0,5764.9224,0.0,0.0,0.0,0.0,0.0,0.23
2021-09-26,11538314000.0,39310.59,10478.784,15528.451,13303.3545,0.0,5770.385,0.0,0.0,0.0,0.0,0.0,0.23
2021-09-27,11538314000.0,39349.0,10489.001,15542.63,13317.368,0.0,5775.2524,0.0,0.0,0.0,0.0,0.0,0.23
2021-09-28,11538314000.0,39375.926,10495.04,15552.606,13328.279,0.0,5781.6387,0.0,0.0,0.0,0.0,0.0,0.23
2021-09-29,11538314000.0,39400.332,10501.189,15561.965,13337.181,0.0,5789.1606,0.0,0.0,0.0,0.0,0.0,0.23
2021-09-30,11538314000.0,39429.79,10508.928,15574.621,13346.237,0.0,5796.7944,0.0,0.0,0.0,0.0,0.0,0.23
2021-10-01,11538314000.0,39468.312,10522.261,15575.417,13368.97,1.6533333,5771.8926,0.0,0.0,0.0,0.0,0.0,0.13
2021-10-02,11538314000.0,39501.824,10527.73,15587.645,13380.57,5.8620834,5778.1777,0.0,0.0,0.0,0.0,0.0,0.13
2021-10-03,11538314000.0,39542.895,10533.831,15603.813,13395.029,10.20125,5783.152,0.0,0.0,0.0,0.0,0.0,0.13
2021-10-04,11538314000.0,39573.83,10538.676,15615.497,13405.322,14.32125,5789.469,0.0,0.0,0.0,0.0,0.0,0.13
2021-10-05,11538314000.0,39597.434,10542.068,15624.481,13413.375,17.49375,5796.5527,0.0,0.0,0.0,0.0,0.0,0.13
2021-10-06,11538314000.0,39621.145,10547.293,15636.069,13420.034,17.735834,5807.9272,0.0,0.0,0.0,0.0,0.0,0.1425
2021-10-07,11538314000.0,39641.664,10562.941,15662.581,13416.138,0.0,5843.4946,0.0,0.0,0.0,0.0,0.0,0.23
2021-10-08,11538314000.0,39667.74,10569.993,15673.499,13424.246,0.0,5850.744,0.0,0.0,0.0,0.0,0.0,0.23
2021-10-09,11538314000.0,39693.527,10576.94,15683.553,13433.029,0.0,5858.5024,0.0,0.0,0.0,0.0,0.0,0.23
2021-10-10,11538314000.0,39718.785,10583.578,15693.49,13441.716,0.0,5866.308,0.0,0.0,0.0,0.0,0.0,0.23
2021-10-11,11538314000.0,39744.867,10590.434,15703.728,13450.706,0.0,5874.334,0.0,0.0,0.0,0.0,0.0,0.23
2021-10-12,11538314000.0,39770.125,10597.068,15713.3545,13459.692,0.0,5882.1562,0.0,0.0,0.0,0.0,0.0,0.23
2021-10-13,11538314000.0,39789.785,10602.158,15720.13,13467.495,0.0,5888.087,0.0,0.0,0.0,0.0,0.0,0.23
2021-10-14,11538314000.0,39809.945,10606.798,15727.438,13475.706,0.0,5894.1665,0.0,0.0,0.0,0.0,0.0,0.23
2021-10-15,11538314000.0,39835.156,10613.636,15737.323,13484.198,0.0,5902.0894,0.0,0.0,0.0,0.0,0.0,0.23
2021-10-16,11538314000.0,39860.805,10620.689,15747.082,13493.031,0.0,5909.911,0.0,0.0,0.0,0.0,0.0,0.23
2021-10-17,11538314000.0,39878.645,10625.97,15753.245,13499.422,0.0,5915.392,0.0,0.0,0.0,0.0,0.0,0.23
2021-10-18,11538314000.0,39908.227,10633.259,15765.438,13509.529,0.0,5924.3086,0.0,0.0,0.0,0.0,0.0,0.23
2021-10-19,11538314000.0,39936.547,10640.544,15777.3125,13518.69,0.0,5932.6694,0.0,0.0,0.0,0.0,0.0,0.23
2021-10-22,11538314000.0,39990.56,10654.718,15797.246,13538.594,0.0,5947.1196,0.0,0.0,0.0,0.0,0.0,0.23
2021-10-23,11538314000.0,40021.492,10644.343,15802.275,13552.272,22.599167,5942.599,0.0,0.0,0.0,0.0,0.0,0.19666667
2021-10-24,11538314000.0,40042.36,10668.494,15818.346,13555.519,0.0,5957.4644,0.0,0.0,0.0,0.0,0.0,0.23
2021-10-25,11538314000.0,40048.176,10669.849,15821.39,13556.942,0.0,5958.5405,0.0,0.0,0.0,0.0,0.0,0.23
2021-10-26,11538314000.0,40065.895,10672.955,15827.264,13565.68,0.0,5961.7837,0.0,0.0,0.0,0.0,0.0,0.23
2021-10-27,11538314000.0,40106.152,10684.419,15844.036,13577.695,0.0,5969.572,0.0,0.0,0.0,0.0,0.0,0.23
2021-10-28,11538314000.0,40144.74,10694.581,15858.819,13591.343,0.0,5974.5645,0.0,0.0,0.0,0.0,0.0,0.23
2021-10-29,11538314000.0,40171.24,10699.323,15870.334,13601.586,0.0,5978.769,0.0,0.0,0.0,0.0,0.0,0.23
2021-10-30,11538314000.0,40178.797,10701.292,15874.036,13603.469,0.0,5980.2246,0.0,0.0,0.0,0.0,0.0,0.23
2021-10-31,11538314000.0,40201.05,10705.568,15881.393,13614.086,0.0,5984.9165,0.0,0.0,0.0,0.0,0.0,0.23
2021-11-01,11538314000.0,40229.062,10713.744,15891.497,13623.819,0.0,5990.47,0.0,0.0,0.0,0.0,0.0,0.23
2021-11-02,11538314000.0,40252.9,10718.457,15901.127,13633.314,0.0,5995.0596,0.0,0.0,0.0,0.0,0.0,0.23
2021-11-03,11538314000.0,40287.805,10727.709,15915.828,13644.268,0.0,6001.519,0.0,0.0,0.0,0.0,0.0,0.23
2021-11-04,11538314000.0,40324.492,10737.962,15929.117,13657.412,0.0,6008.05,0.0,0.0,0.0,0.0,0.0,0.23
2021-11-05,11538314000.0,40361.85,10749.035,15942.989,13669.825,0.0,6014.536,0.0,0.0,0.0,0.0,0.0,0.23
2021-11-06,11538314000.0,40392.984,10757.97,15955.36,13679.652,0.0,6021.5215,0.0,0.0,0.0,0.0,0.0,0.23
2021-11-07,11538314000.0,40417.652,10764.526,15964.744,13688.378,0.0,6028.6396,0.0,0.0,0.0,0.0,0.0,0.23
2021-11-08,11538314000.0,40442.68,10771.44,15974.563,13696.681,0.0,6035.9336,0.0,0.0,0.0,0.0,0.0,0.23
2021-11-09,11538314000.0,40467.527,10778.103,15984.314,13705.104,0.0,6043.3716,0.0,0.0,0.0,0.0,0.0,0.23
2021-11-10,11538314000.0,40491.008,10784.465,15993.954,13712.589,0.0,6050.1187,0.0,0.0,0.0,0.0,0.0,0.23
2021-11-11,11538314000.0,40522.844,10791.928,16006.458,13724.457,0.0,6056.1636,0.0,0.0,0.0,0.0,0.0,0.23
2021-11-12,11538314000.0,40559.688,10802.318,16020.739,13736.628,0.0,6061.4824,0.0,0.0,0.0,0.0,0.0,0.23
2021-11-13,11538314000.0,40593.74,10736.565,16010.265,13757.632,89.26083,6046.6157,0.0,0.0,0.0,0.0,0.0,0.1675
2021-11-14,11538314000.0,40622.855,10697.277,16007.269,13773.007,145.29042,6039.69,0.0,0.0,0.0,0.0,0.0,0.13
2021-11-15,11538314000.0,40652.906,10702.189,16016.463,13784.8,149.43584,6044.8115,0.0,0.0,0.0,0.0,0.0,0.13
2021-11-16,11538314000.0,40682.234,10812.62,16065.75,13784.76,19.09625,6078.136,0.0,0.0,0.0,0.0,0.0,0.2175
2021-11-17,11538314000.0,40700.023,10830.566,16077.949,13791.503,0.0,6085.841,0.0,0.0,0.0,0.0,0.0,0.23
2021-11-18,11538314000.0,40710.766,10832.874,16082.147,13795.739,0.0,6088.5493,0.0,0.0,0.0,0.0,0.0,0.23
2021-11-19,11538314000.0,40724.723,10834.019,16087.585,13803.119,0.0,6091.575,0.0,0.0,0.0,0.0,0.0,0.23
2021-11-20,11538314000.0,40744.613,10810.072,16087.066,13814.268,33.202084,6088.402,0.0,0.0,0.0,0.0,0.0,0.20916668
2021-11-21,11538314000.0,40771.49,10715.876,16060.982,13834.654,159.95583,6066.9756,0.0,0.0,0.0,0.0,0.0,0.13
2021-11-22,11538314000.0,40796.473,10719.267,16069.2295,13845.977,161.98291,6071.101,0.0,0.0,0.0,0.0,0.0,0.13
2021-11-23,11538314000.0,40821.383,10724.102,16079.841,13851.895,165.52917,6076.488,0.0,0.0,0.0,0.0,0.0,0.13
2021-11-24,11538314000.0,40851.707,10728.91,16090.601,13862.444,169.7375,6082.809,0.0,0.0,0.0,0.0,0.0,0.13
2021-11-25,11538314000.0,40881.29,10732.751,16101.214,13874.4,172.90875,6089.767,0.0,0.0,0.0,0.0,0.0,0.13
2021-11-26,11538314000.0,40909.855,10736.779,16113.177,13883.835,176.05125,6096.8027,0.0,0.0,0.0,0.0,0.0,0.13
2021-11-27,11538314000.0,40938.984,10741.089,16124.544,13893.91,179.42667,6103.872,0.0,0.0,0.0,0.0,0.0,0.13
2021-11-28,11538314000.0,40967.54,10745.082,16134.327,13905.537,182.58292,6110.5264,0.0,0.0,0.0,0.0,0.0,0.13
2021-11-29,11538314000.0,40991.26,10748.482,16143.044,13914.237,185.48375,6116.9155,0.0,0.0,0.0,0.0,0.0,0.13
2021-11-30,11538314000.0,41001.367,10749.7295,16147.052,13918.03,186.54709,6119.517,0.0,0.0,0.0,0.0,0.0,0.13
2021-12-01,11538314000.0,41006.047,10895.072,16202.22,13908.759,0.0,6155.0903,0.0,0.0,0.0,0.0,0.0,0.23
2021-12-02,11538314000.0,41016.98,10898.317,16205.89,13912.775,0.0,6157.601,0.0,0.0,0.0,0.0,0.0,0.23
2021-12-03,11538314000.0,41026.13,10900.997,16208.327,13916.804,0.0,6159.6675,0.0,0.0,0.0,0.0,0.0,0.23
2021-12-04,11538314000.0,41033.535,10902.422,16210.972,13920.144,0.0,6160.9785,0.0,0.0,0.0,0.0,0.0,0.23
2021-12-05,11538314000.0,41035.926,10902.932,16212.39,13920.604,0.0,6161.382,0.0,0.0,0.0,0.0,0.0,0.23
2021-12-06,11538314000.0,41038.01,10903.452,16213.829,13920.73,0.0,6161.833,0.0,0.0,0.0,0.0,0.0,0.23
2021-12-07,11538314000.0,41040.113,10904.168,16215.183,13920.76,0.0,6162.159,0.0,0.0,0.0,0.0,0.0,0.23
2021-12-08,11538314000.0,41041.8,10904.731,16216.246,13920.825,0.0,6162.5215,0.0,0.0,0.0,0.0,0.0,0.23
2021-12-09,11538314000.0,41043.83,10905.393,16217.555,13920.876,0.0,6162.889,0.0,0.0,0.0,0.0,0.0,0.23
2021-12-10,11538314000.0,41045.945,10906.085,16218.921,13920.936,0.0,6163.305,0.0,0.0,0.0,0.0,0.0,0.23
2021-12-11,11538314000.0,41050.51,10907.504,16222.009,13921.0,0.0,6164.578,0.0,0.0,0.0,0.0,0.0,0.23
2021-12-12,11538314000.0,41059.5,10910.647,16227.716,13921.143,0.0,6167.4937,0.0,0.0,0.0,0.0,0.0,0.23
2021-12-13,11538314000.0,41068.734,10913.874,16233.561,13921.298,0.0,6170.6377,0.0,0.0,0.0,0.0,0.0,0.23
2021-12-14,11538314000.0,41079.375,10841.932,16208.562,13928.689,100.18958,6156.7773,0.0,0.0,0.0,0.0,0.0,0.18
2021-12-15,11538314000.0,41085.375,10768.048,16180.571,13936.017,200.72417,6141.18,0.0,0.0,0.0,0.0,0.0,0.13
2021-12-16,11538314000.0,41088.46,10768.904,16181.842,13936.096,201.60501,6142.1084,0.0,0.0,0.0,0.0,0.0,0.13
2021-12-17,11538314000.0,41094.844,10770.861,16184.48,13936.168,203.315,6144.1523,0.0,0.0,0.0,0.0,0.0,0.13
2021-12-18,11538314000.0,41103.715,10773.829,16188.008,13936.259,205.60124,6146.9604,0.0,0.0,0.0,0.0,0.0,0.13
2021-12-19,11538314000.0,41108.414,10825.261,16213.824,13931.587,137.73166,6159.987,0.0,0.0,0.0,0.0,0.0,0.16333333
2021-12-20,11538314000.0,41110.484,10926.319,16262.102,13922.065,0.0,6183.758,0.0,0.0,0.0,0.0,0.0,0.23
2021-12-21,11538314000.0,41116.758,10928.847,16265.772,13922.138,0.0,6185.719,0.0,0.0,0.0,0.0,0.0,0.23
2021-12-22,11538314000.0,41122.18,10931.312,16268.654,13922.215,0.0,6187.3486,0.0,0.0,0.0,0.0,0.0,0.23
2021-12-23,11538314000.0,41124.438,10932.414,16269.733,13922.287,0.0,6188.0083,0.0,0.0,0.0,0.0,0.0,0.23
2021-12-24,11538314000.0,41125.445,10932.636,16270.441,13922.365,0.0,6188.3794,0.0,0.0,0.0,0.0,0.0,0.23
2021-12-25,11538314000.0,41127.76,10933.646,16271.664,13922.451,0.0,6188.822,0.0,0.0,0.0,0.0,0.0,0.23
2021-12-26,11538314000.0,41132.113,10935.578,16273.997,13922.535,0.0,6189.7734,0.0,0.0,0.0,0.0,0.0,0.23
2021-12-27,11538314000.0,41137.645,10937.706,16277.327,13922.615,0.0,6191.1187,0.0,0.0,0.0,0.0,0.0,0.23
2021-12-28,11538314000.0,41145.598,10940.663,16282.233,13922.703,0.0,6193.4556,0.0,0.0,0.0,0.0,0.0,0.23
2021-12-29,11538314000.0,41152.414,10943.186,16286.449,13922.785,0.0,6195.528,0.0,0.0,0.0,0.0,0.0,0.23
2021-12-30,11538314000.0,41159.016,10946.16,16289.953,13922.904,0.0,6197.4424,0.0,0.0,0.0,0.0,0.0,0.23
2021-12-31,11538314000.0,41161.473,10946.973,16291.47,13923.027,0.0,6198.0,0.0,0.0,0.0,0.0,0.0,0.23
